,0,1,2,3
0,,,,
1,,,,
2,,,,
3,,,,
4,,,,
5,,,,
6,,,,
7,,,,
8,,,,
9,,,,
10,,,,
11,,,,
12,,,,
13,,,,
14,,,,
15,,,,
16,,,,
17,,,,
18,,,,
19,,,,
20,,,,
21,,,,
22,,,,
23,dolphin,,,
24,dolphin,,,
25,dolphin,,,
26,dolphin,,,
27,dolphin,,,
28,dolphin,,,
29,dolphin,,,
30,dolphin,,,
31,dolphin,,,
32,dolphin,,,
33,dolphin,,,
34,dolphin,,,
35,dolphin,,,
36,dolphin,,,
37,dolphin,,,
38,dolphin,,,
39,dolphin,,,
40,dolphin,,,
41,dolphin,,,
42,dolphin,,,
43,dolphin,,,
44,dolphin,,,
45,dolphin,,,
46,dolphin,,,
47,dolphin,,,
48,dolphin,,,
49,dolphin,,,
50,dolphin,,,
51,dolphin,fish,,
52,dolphin,fish,,
53,dolphin,,,
54,dolphin,,,
55,dolphin,fish,,
56,dolphin,fish,,
57,dolphin,fish,,
58,dolphin,fish,,
59,dolphin,fish,,
60,dolphin,fish,,
61,dolphin,fish,,
62,dolphin,,,
63,dolphin,,,
64,dolphin,fish,,
65,dolphin,fish,,
66,dolphin,fish,,
67,dolphin,fish,,
68,dolphin,fish,,
69,dolphin,fish,,
70,dolphin,,,
71,dolphin,,,
72,dolphin,,,
73,dolphin,,,
74,dolphin,,,
75,dolphin,,,
76,dolphin,,,
77,dolphin,,,
78,dolphin,,,
79,dolphin,,,
80,dolphin,,,
81,dolphin,,,
82,dolphin,,,
83,hummingbird,,,
84,hummingbird,,,
85,hummingbird,,,
86,hummingbird,,,
87,insect,,,
88,bug,,,
89,bug,,,
90,frog,dragonfly,tongue,
91,frog,dragonfly,tongue,
92,teeth,bird,,
93,teeth,bird,,
94,,,,
95,,,,
96,,,,
97,lizard,,,
98,lizard,,,
99,lizard,,,
100,lizard,,,
101,monkey,,,
102,monkey,,,
103,monkey,,,
104,monkey,,,
105,monkey,,,
106,,,,
107,,,,
108,,,,
109,,,,
110,cheetah,,,
111,cheetah,,,
112,giraffe,head,,
113,giraffe,head,,
114,cheetah,,,
115,cheetah,,,
116,cheetah,head,,
117,antelope,head,,
118,cheetah,,,
119,cheetah,,,
120,zebra,,,
121,cheetah,,,
122,cheetah,,,
123,cheetah,,,
124,cheetah,,,
125,cheetah,,,
126,cheetah,,,
127,cheetah,,,
128,cheetah,,,
129,cheetah,,,
130,cheetah,,,
131,cheetah,,,
132,cheetah,,,
133,cheetah,,,
134,cheetah,,,
135,cheetah,giraffe,,
136,cheetah,giraffe,,
137,cheetah,,,
138,cheetah,,,
139,ostrich,,,
140,ostrich,,,
141,ostrich,,,
142,ostrich,,,
143,ostrich,,,
144,ostrich,,,
145,ostrich,,,
146,ostrich,,,
147,ostrich,feet,,
148,ostrich,feet,,
149,ostrich,feet,,
150,cheetah,,,
151,cheetah,,,
152,cheetah,,,
153,ostrich,,,
154,ostrich,,,
155,cheetah,head,eyes,
156,ostrich,head,eyes,
157,ostrich,head,eyes,
158,cheetah,,,
159,cheetah,,,
160,cheetah,,,
161,ostrich,wings,,
162,cheetah,head,,
163,ostrich,head,,
164,ostrich,cheetah,,
165,ostrich,cheetah,,
166,ostrich,cheetah,,
167,ostrich,cheetah,,
168,ostrich,cheetah,,
169,cheetah,ostrich,,
170,cheetah,ostrich,,
171,cheetah,ostrich,,
172,cheetah,ostrich,,
173,cheetah,ostrich,,
174,cheetah,ostrich,,
175,cheetah,ostrich,,
176,cheetah,ostrich,,
177,cheetah,ostrich,,
178,cheetah,ostrich,,
179,cheetah,ostrich,,
180,cheetah,ostrich,,
181,ostrich,,,
182,cheetah,ostrich,,
183,cheetah,ostrich,,
184,cheetah,ostrich,,
185,cheetah,ostrich,,
186,cheetah,ostrich,,
187,cheetah,ostrich,,
188,cheetah,ostrich,,
189,cheetah,ostrich,,
190,ostrich,cheetah,,
191,ostrich,cheetah,,
192,ostrich,cheetah,,
193,ostrich,cheetah,,
194,cheetah,head,ostrich,leg
195,cheetah,head,ostrich,leg
196,cheetah,head,ostrich,leg
197,cheetah,head,ostrich,leg
198,cheetah,head,ostrich,leg
199,,,,
200,,,,
201,,,,
202,,,,
203,,,,
204,insect,,,
205,insect,,,
206,,,,
207,,,,
208,,,,
209,lizard,,,
210,lizard,head,eyes,
211,lizard,,,
212,,,,
213,,,,
214,,,,
215,,,,
216,,,,
217,,,,
218,insect,,,
219,,,,
220,,,,
221,,,,
222,tongue,,,
223,tongue,,,
224,insect,tongue,,
225,insect,tongue,,
226,insect,tongue,,
227,chameleon,leg,,
228,chameleon,leg,,
229,chameleon,leg,,
230,chameleon,,,
231,chameleon,,,
232,chameleon,,,
233,chameleon,,,
234,chameleon,,,
235,chameleon,eye,,
236,chameleon,eye,,
237,,,,
238,chameleon,face,,
239,chameleon,,,
240,,,,
241,,,,
242,chameleon,face,,
243,,,,
244,chameleon,tongue,,
245,tongue,,,
246,tongue,,,
247,tongue,,,
248,chameleon,face,tongue,
249,chameleon,face,tongue,
250,cricket,chameleon,tongue,
251,cricket,chameleon,tongue,
252,cricket,chameleon,tongue,
253,cricket,chameleon,tongue,
254,cricket,chameleon,tongue,
255,,,,
256,,,,
257,,,,
258,,,,
259,,,,
260,,,,
261,,,,
262,,,,
263,,,,
264,,,,
265,,,,
266,,,,
267,,,,
268,,,,
269,,,,
270,whale,,,
271,whale,,,
272,whale,,,
273,whale,,,
274,seals,,,
275,seals,,,
276,seals,,,
277,seals,,,
278,seals,,,
279,seals,,,
280,seals,,,
281,seals,,,
282,seals,,,
283,seals,,,
284,seals,,,
285,seals,,,
286,seals,,,
287,seals,,,
288,seals,,,
289,seals,,,
290,seals,,,
291,seals,,,
292,seals,,,
293,,,,
294,,,,
295,,,,
296,,,,
297,seals,,,
298,seals,,,
299,seal,,,
300,,,,
301,seals,,,
302,,,,
303,,,,
304,seal,,,
305,seal,,,
306,seal,,,
307,seal,,,
308,,,,
309,seal,,,
310,,,,
311,,,,
312,seal,,,
313,seal,,,
314,seal,,,
315,seal,,,
316,seal,,,
317,,,,
318,,,,
319,,,,
320,,,,
321,,,,
322,,,,
323,,,,
324,,,,
325,,,,
326,seal,,,
327,seal,,,
328,whale,,,
329,seal,whale,,
330,seal,,,
331,whale,,,
332,seal,,,
333,,,,
334,seal,whale,,
335,seal,whale,,
336,seal,whale,,
337,seal,,,
338,seal,whale,,
339,seal,whale,,
340,seal,whale,,
341,seal,whale,,
342,seal,,,
343,seal,whale,,
344,,,,
345,,,,
346,,,,
347,,,,
348,,,,
349,,,,
350,,,,
351,seal,,,
352,seal,,,
353,seal,,,
354,seal,,,
355,seal,,,
356,whale,,,
357,whale,,,
358,whale,,,
359,seal,,,
360,seal,,,
361,seal,,,
362,seal,,,
363,seals,,,
364,seals,,,
365,seals,,,
366,seals,,,
367,seals,,,
368,seals,,,
369,,,,
370,,,,
371,,,,
372,,,,
373,moths,,,
374,moths,,,
375,,,,
376,,,,
377,,,,
378,deer,,,
379,deer,,,
380,deer,,,
381,deer,feet,,
382,deer,feet,,
383,deer,feet,,
384,deer,feet,,
385,deer,feet,,
386,deer,feet,,
387,deer,feet,,
388,tiger,legs,,
389,tiger,legs,,
390,deer,,,
391,deer,,,
392,deer,,,
393,deer,,,
394,tiger,,,
395,tiger,,,
396,deer,,,
397,deer,,,
398,deer,head,,
399,deer,tails,monkeys,
400,deer,tails,monkeys,
401,deer,tails,monkeys,
402,deer,tails,monkeys,
403,monkeys,,,
404,monkeys,,,
405,monkey,head,,
406,monkey,head,,
407,deer,head,,
408,bird,,,
409,monkey,head,bug,
410,monkey,head,bug,
411,monkey,head,bug,
412,deer,,,
413,deer,,,
414,deer,,,
415,deer,head,eye,
416,deer,head,eye,
417,deer,,,
418,tiger,,,
419,tiger,,,
420,deer,,,
421,deer,,,
422,deer,head,,
423,head,,,
424,tiger,,,
425,head,,,
426,deer,,,
427,deer,,,
428,deer,,,
429,monkey,,,
430,deer,,,
431,deer,head,,
432,deer,head,,
433,tiger,,,
434,tiger,,,
435,tiger,,,
436,tiger,,,
437,deer,head,,
438,tiger,head,,
439,deer,head,,
440,monkey,head,,
441,deer,head,eye,
442,tiger,head,,
443,tiger,head,,
444,tiger,,,
445,tiger,,,
446,deer,,,
447,monkey,head,,
448,monkey,,,
449,tiger,,,
450,monkeys,,,
451,tiger,,,
452,deer,,,
453,tiger,,,
454,tiger,,,
455,tiger,,,
456,tiger,,,
457,deer,,,
458,tiger,,,
459,deer,,,
460,deer,,,
461,deer,,,
462,tiger,,,
463,tiger,,,
464,tiger,,,
465,tiger,,,
466,,,,
467,,,,
468,,,,
469,,,,
470,squirrel,,,
471,squirrel,,,
472,squirrel,,,
473,squirrel,,,
474,squirrel,,,
475,squirrel,,,
476,squirrel,,,
477,squirrel,,,
478,squirrel,,,
479,squirrel,,,
480,squirrel,,,
481,squirrel,,,
482,squirrel,,,
483,squirrel,,,
484,squirrel,,,
485,squirrel,,,
486,squirrels,,,
487,,,,
488,,,,
489,squirrels,,,
490,squirrels,,,
491,squirrel,,,
492,squirrel,,,
493,rattlesnake,tongue,,
494,rattlesnake,tongue,,
495,squirrels,,,
496,squirrel,head,,
497,squirrel,,,
498,rattlesnake,,,
499,squirrel,,,
500,squirrel,tail,,
501,squirrel,tail,,
502,squirrel,rattlesnake,,
503,squirrel,rattlesnake,,
504,squirrel,rattlesnake,,
505,squirrel,tail,rattlesnake,
506,rattlesnake,,,
507,squirrel,,,
508,rattlesnake,,,
509,squirrel,tail,,
510,squirrel,tail,,
511,squirrels,,,
512,squirrel,tail,,
513,rattlesnake,,,
514,squirrel,tail,,
515,squirrel,tail,,
516,squirrel,tail,,
517,squirrel,tail,,
518,rattlesnake,tongue,,
519,rattlesnake,tongue,,
520,squirrel,tail,,
521,squirrel,tail,,
522,rattlesnake,tongue,,
523,squirrel,tail,rattlesnake,
524,squirrel,tail,rattlesnake,
525,rattlesnake,,,
526,rattlesnake,,,
527,squirrel,young,,
528,squirrel,young,,
529,squirrel,young,,
530,squirrel,young,,
531,squirrel,young,,
532,squirrel,young,,
533,,,,
534,,,,
535,,,,
536,,,,
537,,,,
538,,,,
539,,,,
540,,,,
541,,,,
542,,,,
543,,,,
544,bird,,,
545,bird,,,
546,bird,,,
547,bird,,,
548,bird,,,
549,penguin,,,
550,penguins,,,
551,penguins,,,
552,seals,,,
553,seal,head,,
554,seal,head,,
555,seals,bird,,
556,seals,bird,,
557,seal,,,
558,seal,,,
559,seal,,,
560,seal,,,
561,seal,,,
562,seal,,,
563,,,,
564,,,,
565,seal,whale,,
566,seal,whale,,
567,seal,whale,,
568,seal,whale,,
569,seal,whale,,
570,seal,whale,,
571,seal,whale,,
572,seal,whale,,
573,seal,whale,,
574,whale,,,
575,whale,,,
576,whale,,,
577,whale,,,
578,whale,,,
579,whale,,,
580,whale,,,
581,whale,,,
582,whale,,,
583,whale,,,
584,whale,,,
585,whale,seals,,
586,whale,seals,,
587,whale,seals,,
588,whale,seals,,
589,whale,seals,,
590,whale,seals,,
591,seals,,,
592,seals,,,
593,seals,,,
594,whale,,,
595,whale,,,
596,whale,,,
597,whale,,,
598,whale,,,
599,whale,,,
600,whale,,,
601,whale,,,
602,whale,,,
603,whale,,,
604,whale,,,
605,whale,,,
606,whale,,,
607,whale,,,
608,whale,,,
609,whale,,,
610,whale,,,
611,whale,,,
612,whale,,,
613,whale,,,
614,whale,seals,birds,
615,whale,seals,birds,
616,whale,seals,birds,
617,whale,seals,,
618,whale,seals,,
619,whale,seals,,
620,whale,seals,,
621,whale,,,
622,whale,,,
623,whale,,,
624,whale,,,
625,whale,,,
626,whale,seals,,
627,whale,seals,,
628,whale,seals,,
629,whale,seals,,
630,whale,,,
631,whale,,,
632,whale,,,
633,whale,,,
634,seals,,,
635,seals,,,
636,,,,
637,,,,
638,,,,
639,seals,,,
640,seals,,,
641,whale,,,
642,whale,,,
643,whale,,,
644,whale,,,
645,seals,,,
646,seals,,,
647,seals,,,
648,seals,,,
649,seals,,,
650,whale,,,
651,seals,,,
652,seals,,,
653,whale,,,
654,whale,,,
655,whale,,,
656,whale,,,
657,whale,,,
658,seals,,,
659,seals,,,
660,whale,,,
661,whale,,,
662,whale,,,
663,whale,seals,,
664,whale,seals,,
665,whale,,,
666,whale,seals,,
667,whale,seals,,
668,seal,head,,
669,whale,,,
670,whale,,,
671,whale,,,
672,whale,,,
673,whale,,,
674,whale,,,
675,whale,,,
676,whale,seals,,
677,whale,seals,,
678,whale,seals,,
679,whale,,,
680,whale,,,
681,whale,,,
682,whale,,,
683,whale,,,
684,whale,,,
685,whale,,,
686,whale,,,
687,whale,,,
688,whale,,,
689,whale,,,
690,whale,,,
691,whale,,,
692,whale,,,
693,whale,,,
694,whale,,,
695,whale,,,
696,whale,,,
697,whale,,,
698,whale,,,
699,whale,,,
700,whale,bird,,
701,whale,bird,,
702,whale,bird,,
703,whale,,,
704,whale,,,
705,whale,,,
706,whale,,,
707,whale,,,
708,whale,,,
709,whale,,,
710,,,,
711,,,,
712,,,,
713,,,,
714,fish,,,
715,fish,,,
716,fish,,,
717,swordfish,,,
718,fish,,,
719,swordfish,,,
720,swordfish,,,
721,fish,,,
722,swordfish,fish,,
723,swordfish,fish,,
724,swordfish,fish,,
725,swordfish,fish,,
726,swordfish,fish,,
727,fish,,,
728,fish,,,
729,fish,,,
730,fish,,,
731,fish,,,
732,fish,,,
733,fish,,,
734,fish,,,
735,fish,,,
736,fish,,,
737,fish,,,
738,swordfish,,,
739,swordfish,,,
740,fish,,,
741,fish,,,
742,fish,,,
743,fish,,,
744,fish,,,
745,fish,,,
746,fish,,,
747,fish,,,
748,fish,,,
749,fish,,,
750,fish,,,
751,fish,,,
752,fish,,,
753,,,,
754,,,,
755,,,,
756,,,,
757,,,,
758,,,,
759,,,,
760,,,,
761,,,,
762,,,,
763,,,,
764,,,,
765,,,,
766,,,,
767,,,,
768,,,,
769,,,,
770,,,,
771,monkey,capuchin,,
772,monkey,capuchin,,
773,monkey,capuchin,,
774,monkey,capuchin,,
775,monkey,capuchin,,
776,monkey,capuchin,,
777,monkey,capuchin,,
778,,,,
779,,,,
780,,,,
781,,,,
782,monkey,capuchin,,
783,monkey,capuchin,,
784,monkey,capuchin,,
785,monkey,capuchin,,
786,monkey,capuchin,,
787,monkey,capuchin,,
788,monkey,capuchin,,
789,monkey,capuchin,,
790,monkey,capuchin,,
791,monkeys,capuchin,,
792,monkeys,capuchin,,
793,monkey,,,
794,monkey,capuchin,,
795,monkey,capuchin,,
796,monkey,capuchin,,
797,,,,
798,,,,
799,monkey,capuchin,,
800,,,,
801,,,,
802,,,,
803,monkey,capuchin,,
804,monkey,capuchin,,
805,monkey,capuchin,,
806,monkey,capuchin,,
807,monkey,capuchin,,
808,monkey,capuchin,,
809,,,,
810,,,,
811,,,,
812,monkey,capuchin,,
813,monkey,capuchin,,
814,monkey,capuchin,,
815,monkey,capuchin,,
816,monkey,hands,,
817,monkey,hands,,
818,monkey,hands,,
819,monkey,hands,,
820,monkey,hands,,
821,monkey,hands,,
822,monkey,,,
823,monkey,,,
824,monkey,,,
825,monkey,,,
826,monkey,,,
827,monkey,,,
828,monkey,,,
829,monkey,,,
830,monkey,,,
831,monkey,,,
832,monkey,,,
833,,,,
834,monkey,head,,
835,monkey,head,,
836,monkey,,,
837,monkey,,,
838,monkey,,,
839,monkeys,,,
840,monkey,,,
841,monkey,,,
842,monkey,,,
843,monkey,,,
844,monkey,,,
845,monkey,,,
846,monkey,,,
847,monkey,,,
848,monkey,,,
849,monkey,,,
850,monkey,,,
851,monkey,,,
852,monkey,,,
853,monkey,,,
854,monkey,,,
855,monkey,,,
856,monkey,,,
857,monkey,,,
858,monkeys,,,
859,monkeys,,,
860,monkeys,,,
861,monkeys,,,
862,monkey,,,
863,,,,
864,,,,
865,,,,
866,,,,
867,,,,
868,,,,
869,,,,
870,,,,
871,,,,
872,,,,
873,hair,,,
874,hair,,,
875,hair,,,
876,hair,,,
877,fly,,,
878,fly,,,
879,fly,,,
880,fly,,,
881,fly,,,
882,hair,,,
883,fly,legs,,
884,fly,legs,,
885,fly,,,
886,fly,hair,,
887,fly,hair,,
888,fly,hair,,
889,fly,hair,,
890,fly,,,
891,fly,,,
892,fly,,,
893,fly,,,
894,fly,,,
895,fly,,,
896,fly,,,
897,fly,,,
898,fly,hair,,
899,fly,,,
900,fly,leg,,
901,fly,leg,,
902,fly,leg,,
903,fly,,,
904,fly,,,
905,,,,
906,,,,
907,,,,
908,,,,
909,,,,
910,,,,
911,,,,
912,,,,
913,,,,
914,,,,
915,,,,
916,insect,,,
917,insect,,,
918,insect,,,
919,insect,,,
920,insect,,,
921,insect,,,
922,insect,,,
923,insect,,,
924,insect,,,
925,insect,,,
926,insect,,,
927,insect,,,
928,insect,,,
929,insect,,,
930,insect,,,
931,insect,,,
932,insect,,,
933,insect,,,
934,insect,,,
935,insect,,,
936,insect,,,
937,insect,,,
938,insect,,,
939,insect,,,
940,insect,,,
941,insect,,,
942,insect,,,
943,insect,,,
944,insect,,,
945,insect,,,
946,insect,,,
947,insect,,,
948,insect,,,
949,insect,,,
950,insect,,,
951,insect,,,
952,insect,,,
953,insect,,,
954,insect,,,
955,insect,,,
956,insect,,,
957,insect,,,
958,insect,,,
959,insect,,,
960,insect,,,
961,insect,,,
962,insect,,,
963,insect,,,
964,insect,,,
965,insect,,,
966,insect,,,
967,insect,,,
968,insect,,,
969,insect,,,
970,insect,,,
971,insect,,,
972,insect,,,
973,insect,,,
974,insect,,,
975,insect,,,
976,insect,,,
977,insect,,,
978,insect,,,
979,insect,,,
980,insect,,,
981,insect,,,
982,insect,,,
983,insect,,,
984,insect,,,
985,insect,,,
986,insect,,,
987,insect,,,
988,insect,,,
989,insect,,,
990,insect,,,
991,insect,,,
992,insect,,,
993,insect,,,
994,,,,
995,,,,
996,,,,
997,,,,
998,,,,
999,,,,
1000,,,,
1001,lion,birds,,
1002,lion,birds,,
1003,lion,tusk,,
1004,lion,tusk,,
1005,hippo,,,
1006,hippo,,,
1007,hippo,,,
1008,hippo,,,
1009,hippo,,,
1010,hippo,,,
1011,hippo,,,
1012,hippo,,,
1013,hippo,,,
1014,hippo,,,
1015,hippo,,,
1016,hippo,,,
1017,,,,
1018,,,,
1019,,,,
1020,,,,
1021,,,,
1022,,,,
1023,,,,
1024,hippos,,,
1025,hippos,,,
1026,hippos,,,
1027,hippos,head,eyes,
1028,hippos,head,eyes,
1029,hippos,head,eyes,
1030,hippos,heads,,
1031,hippos,heads,,
1032,hippo,birds,,
1033,hippo,birds,,
1034,hippos,head,eyes,
1035,hippos,head,eyes,
1036,hippos,head,eyes,
1037,hippos,head,eyes,
1038,hippo,,,
1039,hippo,,,
1040,hippo,,,
1041,hippo,,,
1042,hippo,,,
1043,hippo,,,
1044,hippo,,,
1045,hippo,,,
1046,hippo,,,
1047,hippo,,,
1048,hippo,,,
1049,hippos,mouths,,
1050,hippos,mouths,,
1051,hippos,,,
1052,hippos,,,
1053,hippos,,,
1054,hippos,,,
1055,hippos,mouths,,
1056,hippos,mouths,,
1057,hippos,mouths,,
1058,hippos,mouths,,
1059,hippos,mouths,,
1060,hippos,mouths,,
1061,hippos,mouths,,
1062,bird,,,
1063,bird,,,
1064,hippo,birds,,
1065,hippo,birds,,
1066,hippo,birds,,
1067,hippo,birds,,
1068,hippo,birds,,
1069,hippo,mouth,,
1070,hippo,mouth,,
1071,hippo,mouth,,
1072,hippo,mouth,,
1073,hippo,mouth,,
1074,hippo,,,
1075,hippo,,,
1076,hippo,,,
1077,hippo,,,
1078,hippo,,,
1079,hippo,,,
1080,hippo,,,
1081,hippo,,,
1082,bird,grebe,,
1083,bird,grebe,,
1084,bird,grebe,,
1085,bird,grebe,,
1086,birds,grebe,,
1087,birds,grebe,,
1088,birds,grebe,,
1089,bird,head,grebe,
1090,bird,head,grebe,
1091,birds,grebe,,
1092,birds,grebe,,
1093,birds,grebe,,
1094,birds,grebe,,
1095,birds,grebe,,
1096,bird,head,grebe,
1097,birds,grebe,,
1098,birds,grebe,,
1099,birds,grebe,,
1100,birds,grebe,foot,
1101,birds,grebe,foot,
1102,birds,grebe,,
1103,birds,grebe,,
1104,birds,grebe,,
1105,birds,grebe,,
1106,birds,grebe,,
1107,birds,grebe,,
1108,birds,grebe,,
1109,bird,head,grebe,
1110,bird,grebe,,
1111,bird,grebe,,
1112,bird,grebe,,
1113,bird,grebe,,
1114,bird,grebe,,
1115,bird,grebe,,
1116,bird,grebe,,
1117,bird,grebe,,
1118,bird,grebe,,
1119,bird,grebe,,
1120,bird,grebe,,
1121,bird,grebe,,
1122,bird,grebe,,
1123,bird,grebe,,
1124,bird,grebe,,
1125,bird,grebe,,
1126,bird,grebe,,
1127,bird,grebe,,
1128,bird,grebe,,
1129,bird,grebe,,
1130,bird,grebe,,
1131,bird,grebe,,
1132,bird,grebe,,
1133,,,,
1134,,,,
1135,,,,
1136,,,,
1137,octopus,,,
1138,octopus,,,
1139,octopus,,,
1140,octopus,,,
1141,octopus,,,
1142,fish,,,
1143,octopus,,,
1144,crab,,,
1145,crab,,,
1146,octopus,,,
1147,octopus,,,
1148,octopus,,,
1149,octopus,,,
1150,crab,,,
1151,octopus,,,
1152,octopus,,,
1153,octopus,,,
1154,octopus,,,
1155,octopus,tentacle,,
1156,octopus,tentacle,,
1157,octopus,,,
1158,octopus,,,
1159,octopus,tentacles,,
1160,octopus,tentacles,,
1161,octopus,tentacles,eggs,
1162,octopus,tentacles,eggs,
1163,octopus,tentacles,eggs,
1164,octopus,tentacles,eggs,
1165,octopus,tentacles,eggs,
1166,octopus,tentacles,eggs,
1167,octopus,tentacles,eggs,
1168,octopus,tentacles,eggs,
1169,octopus,tentacles,eggs,
1170,octopus,tentacles,eggs,
1171,octopus,tentacles,eggs,
1172,octopus,tentacles,eggs,
1173,octopus,tentacles,eggs,fish
1174,octopus,tentacles,eggs,fish
1175,octopus,tentacles,fish,
1176,octopus,tentacles,fish,
1177,octopus,tentacles,fish,
1178,octopus,eye,,
1179,octopus,eye,,
1180,octopus,tentacles,,
1181,eggs,,,
1182,eggs,,,
1183,octopus,eye,,
1184,octopus,eye,,
1185,eggs,,,
1186,eggs,,,
1187,eggs,,,
1188,eggs,,,
1189,eggs,,,
1190,eggs,,,
1191,eggs,octopus,baby,
1192,eggs,octopus,baby,
1193,eggs,octopus,baby,
1194,eggs,octopus,baby,
1195,octopus,tentacles,,
1196,octopus,tentacles,,
1197,octopus,tentacles,,
1198,fish,,,
1199,fish,,,
1200,fish,,,
1201,,,,
1202,,,,
1203,,,,
1204,,,,
1205,,,,
1206,,,,
1207,frog,,,
1208,frog,,,
1209,frog,,,
1210,frog,,,
1211,frog,eggs,,
1212,frog,eggs,,
1213,eggs,,,
1214,eggs,,,
1215,eggs,,,
1216,frog,head,eye,
1217,tadpole,,,
1218,tadpole,,,
1219,tadpole,,,
1220,tadpole,,,
1221,frog,head,eyes,
1222,,,,
1223,,,,
1224,,,,
1225,frog,head,eye,
1226,frog,tadpole,back,
1227,frog,tadpole,back,
1228,frog,tadpole,back,
1229,frog,head,eye,
1230,,,,
1231,,,,
1232,frog,head,eye,
1233,frog,tadpole,back,
1234,frog,tadpole,back,
1235,frog,tadpole,back,
1236,frog,tadpole,back,
1237,frog,tadpole,back,
1238,frog,tadpole,back,
1239,,,,
1240,,,,
1241,,,,
1242,,,,
1243,,,,
1244,,,,
1245,frog,tadpole,back,
1246,frog,tadpole,back,
1247,frog,tadpole,back,
1248,frog,tadpole,back,
1249,frog,,,
1250,frog,,,
1251,frog,,,
1252,frog,,,
1253,frog,,,
1254,frog,,,
1255,frog,tadpole,,
1256,frog,,,
1257,tadpole,,,
1258,frog,,,
1259,tadpole,,,
1260,frog,,,
1261,frog,,,
1262,tadpole,,,
1263,frog,tadpole,back,
1264,frog,tadpole,,
1265,frog,tadpole,,
1266,frog,tadpole,,
1267,frog,tadpole,,
1268,frog,tadpole,,
1269,frog,tadpole,,
1270,frog,tadpole,,
1271,frog,tadpole,,
1272,frog,tadpole,,
1273,frog,tadpole,,
1274,frog,tadpole,,
1275,tadpole,,,
1276,tadpole,,,
1277,frog,,,
1278,frog,,,
1279,frog,,,
1280,frog,egg,,
1281,frog,egg,,
1282,frog,egg,,
1283,egg,,,
1284,frog,,,
1285,frog,,,
1286,tadpole,egg,,
1287,tadpole,egg,,
1288,tadpole,egg,,
1289,frog,,,
1290,tadpole,egg,,
1291,tadpole,egg,,
1292,frog,,,
1293,frog,,,
1294,frog,,,
1295,frog,,,
1296,frog,legs,egg,
1297,tadpole,,,
1298,tadpole,egg,,
1299,tadpole,egg,,
1300,frog,,,
1301,tadpole,leg,,
1302,tadpole,legs,,
1303,tadpole,legs,tail,
1304,tadpole,legs,,
1305,frog,,,
1306,frog,,,
1307,frog,leg,,
1308,frog,leg,,
1309,frog,head,eye,
1310,frog,head,eye,
1311,,,,
1312,,,,
1313,,,,
1314,,,,
1315,,,,
1316,,,,
1317,penguins,,,
1318,penguins,,,
1319,penguins,,,
1320,penguins,,,
1321,penguins,,,
1322,penguins,,,
1323,penguins,,,
1324,penguins,,,
1325,penguins,,,
1326,penguins,,,
1327,penguins,,,
1328,penguins,,,
1329,penguins,,,
1330,penguins,,,
1331,penguins,,,
1332,penguins,,,
1333,penguins,,,
1334,penguins,,,
1335,penguins,,,
1336,penguins,,,
1337,penguins,,,
1338,penguins,,,
1339,penguins,,,
1340,penguins,,,
1341,penguins,,,
1342,penguins,,,
1343,penguins,,,
1344,penguins,,,
1345,penguins,,,
1346,penguins,,,
1347,penguins,,,
1348,penguins,,,
1349,penguins,,,
1350,penguins,,,
1351,penguins,,,
1352,penguins,,,
1353,penguins,,,
1354,penguins,,,
1355,penguins,feet,,
1356,penguin,,,
1357,penguin,,,
1358,penguin,penguins,,
1359,penguin,,,
1360,penguin,,,
1361,penguin,,,
1362,penguin,,,
1363,penguin,,,
1364,,,,
1365,,,,
1366,,,,
1367,penguins,,,
1368,penguins,,,
1369,penguins,,,
1370,penguin,,,
1371,penguin,,,
1372,penguin,,,
1373,,,,
1374,,,,
1375,,,,
1376,penguin,,,
1377,penguin,,,
1378,penguin,,,
1379,penguin,,,
1380,penguin,,,
1381,penguin,head,,
1382,penguin,,,
1383,penguin,,,
1384,penguin,,,
1385,penguin,,,
1386,penguin,,,
1387,penguin,,,
1388,penguin,,,
1389,penguin,,,
1390,penguin,,,
1391,penguin,seal,,
1392,penguin,seal,,
1393,penguin,seal,,
1394,penguin,head,,
1395,penguin,head,,
1396,penguin,seal,,
1397,seal,penguin,,
1398,seal,penguin,,
1399,seal,penguin,,
1400,seal,penguin,,
1401,seal,penguin,,
1402,seal,penguin,,
1403,seal,penguin,birds,
1404,seal,penguin,birds,
1405,penguin,head,,
1406,seal,penguin,,
1407,seal,penguin,,
1408,seal,penguin,,
1409,seal,penguin,,
1410,seal,penguin,,
1411,seal,penguin,,
1412,seal,penguin,,
1413,penguins,,,
1414,penguins,,,
1415,seal,penguin,birds,
1416,seal,penguin,birds,
1417,seal,penguin,,
1418,seal,penguin,,
1419,seal,penguin,,
1420,seal,penguin,,
1421,penguin,,,
1422,penguin,,,
1423,penguin,,,
1424,penguin,,,
1425,penguin,,,
1426,penguin,,,
1427,penguin,,,
1428,penguin,,,
1429,seal,,,
1430,seal,,,
1431,penguin,,,
1432,penguin,,,
1433,penguin,,,
1434,penguin,,,
1435,penguin,,,
1436,,,,
1437,,,,
1438,,,,
1439,,,,
1440,,,,
1441,penguins,,,
1442,penguins,,,
1443,penguins,,,
1444,penguins,,,
1445,penguins,,,
1446,penguins,,,
1447,penguins,,,
1448,penguins,,,
1449,penguins,,,
1450,,,,
1451,,,,
1452,orangutan,,,
1453,orangutan,,,
1454,orangutan,,,
1455,orangutan,,,
1456,orangutan,,,
1457,orangutan,,,
1458,orangutan,,,
1459,orangutan,,,
1460,orangutan,,,
1461,orangutan,,,
1462,orangutan,,,
1463,orangutan,,,
1464,orangutan,,,
1465,orangutan,,,
1466,orangutan,,,
1467,orangutan,,,
1468,orangutan,,,
1469,orangutan,,,
1470,orangutan,,,
1471,orangutan,,,
1472,orangutan,,,
1473,orangutan,,,
1474,orangutan,hand,,
1475,orangutan,hand,,
1476,orangutan,,,
1477,orangutan,,,
1478,orangutan,,,
1479,orangutan,young,face,
1480,orangutan,young,face,
1481,orangutan,young,face,
1482,orangutan,young,face,
1483,orangutan,young,face,
1484,orangutan,young,face,
1485,orangutan,young,face,
1486,orangutan,young,face,
1487,orangutan,young,face,
