,0,1,2,3,4,5
0,splash,,,,,
1,splash,,,,,
2,splash,,,,,
3,splash,,,,,
4,splash,,,,,
5,splash,,,,,
6,splash,,,,,
7,,,,,,
8,,,,,,
9,,,,,,
10,,,,,,
11,,,,,,
12,,,,,,
13,,,,,,
14,,,,,,
15,,,,,,
16,,,,,,
17,,,,,,
18,,,,,,
19,,,,,,
20,,,,,,
21,,,,,,
22,,,,,,
23,swimming,,,,,
24,swimming,,,,,
25,swimming,,,,,
26,swimming,,,,,
27,swimming,,,,,
28,swimming,,,,,
29,swimming,,,,,
30,swimming,,,,,
31,swimming,,,,,
32,swimming,,,,,
33,swimming,,,,,
34,swimming,,,,,
35,swimming,,,,,
36,swimming,,,,,
37,swimming,,,,,
38,swimming,turning,,,,
39,swimming,turning,,,,
40,swimming,turning,,,,
41,swimming,turning,,,,
42,swimming,turning,,,,
43,swimming,turning,,,,
44,swimming,turning,,,,
45,swimming,turning,,,,
46,swimming,,,,,
47,swimming,turning,splash,,,
48,swimming,turning,splash,,,
49,swimming,turning,splash,,,
50,swimming,turning,splash,,,
51,swimming,jumping,catching,eating,splashing,
52,swimming,jumping,catching,eating,splashing,
53,swimming,splashing,eating,catching,,
54,swimming,splashing,eating,catching,,
55,swimming,splashing,eating,catching,jumping,
56,swimming,splashing,eating,catching,jumping,
57,swimming,splashing,eating,catching,jumping,
58,swimming,splashing,eating,catching,turning,
59,swimming,splashing,eating,catching,turning,
60,swimming,splashing,eating,catching,turning,
61,swimming,jumping,catching,eating,splashing,
62,swimming,catching,splashing,,,
63,swimming,catching,splashing,,,
64,swimming,splashing,,,,
65,swimming,jumping,catching,eating,splashing,
66,swimming,jumping,catching,eating,splashing,
67,swimming,jumping,catching,eating,splashing,
68,swimming,jumping,catching,eating,splashing,
69,swimming,jumping,catching,eating,splashing,
70,swimming,,,,,
71,swimming,,,,,
72,swimming,,,,,
73,swimming,,,,,
74,swimming,,,,,
75,swimming,,,,,
76,swimming,,,,,
77,swimming,,,,,
78,swimming,,,,,
79,swimming,,,,,
80,swimming,,,,,
81,swimming,,,,,
82,swimming,,,,,
83,flying,hovering,,,,
84,flying,hovering,,,,
85,flying,hovering,,,,
86,flying,hovering,,,,
87,spraying,,,,,
88,spraying,,,,,
89,spraying,,,,,
90,jumping,,,,,
91,jumping,,,,,
92,fighting,flying,splashing,,,
93,fighting,flying,splashing,,,
94,growing,,,,,
95,growing,,,,,
96,growing,,,,,
97,running,,,,,
98,running,,,,,
99,running,splash,,,,
100,running,splash,,,,
101,sitting,grooming,soaking,,,
102,sitting,grooming,soaking,,,
103,sitting,soaking,snuggling,,,
104,sitting,soaking,snuggling,,,
105,sitting,soaking,snuggling,,,
106,,,,,,
107,,,,,,
108,,,,,,
109,,,,,,
110,walking,,,,,
111,walking,,,,,
112,,,,,,
113,,,,,,
114,walking,,,,,
115,walking,,,,,
116,walking,,,,,
117,,,,,,
118,walking,,,,,
119,walking,,,,,
120,walking,standing,,,,
121,walking,,,,,
122,walking,,,,,
123,walking,,,,,
124,walking,,,,,
125,walking,,,,,
126,walking,,,,,
127,walking,,,,,
128,walking,,,,,
129,walking,,,,,
130,walking,,,,,
131,walking,,,,,
132,walking,,,,,
133,walking,,,,,
134,walking,,,,,
135,walking,standing,,,,
136,walking,standing,,,,
137,walking,,,,,
138,walking,,,,,
139,walking,,,,,
140,walking,,,,,
141,walking,,,,,
142,walking,,,,,
143,walking,pecking,eating,,,
144,walking,pecking,eating,,,
145,walking,pecking,eating,,,
146,pecking,,,,,
147,pecking,eating,,,,
148,pecking,eating,,,,
149,pecking,eating,,,,
150,walking,,,,,
151,walking,,,,,
152,walking,,,,,
153,walking,,,,,
154,walking,,,,,
155,staring,,,,,
156,looking,,,,,
157,looking,,,,,
158,stalking,walking,,,,
159,stalking,walking,,,,
160,stalking,walking,,,,
161,fluffing,,,,,
162,staring,,,,,
163,walking,,,,,
164,walking,watching,,,,
165,walking,watching,,,,
166,walking,watching,,,,
167,walking,watching,,,,
168,walking,watching,,,,
169,running,chasing,fleeing,,,
170,running,chasing,fleeing,,,
171,running,chasing,fleeing,,,
172,running,chasing,fleeing,,,
173,running,chasing,fleeing,,,
174,running,chasing,fleeing,,,
175,running,chasing,fleeing,,,
176,running,chasing,fleeing,,,
177,running,chasing,fleeing,,,
178,running,chasing,fleeing,,,
179,attacking,fighting,,,,
180,attacking,fighting,,,,
181,walking,,,,,
182,attacking,fighting,biting,eating,struggling,sitting
183,attacking,fighting,biting,eating,struggling,sitting
184,attacking,fighting,biting,eating,struggling,sitting
185,attacking,fighting,biting,eating,struggling,sitting
186,attacking,fighting,biting,eating,struggling,sitting
187,attacking,fighting,biting,eating,struggling,sitting
188,attacking,fighting,biting,eating,struggling,sitting
189,attacking,fighting,biting,eating,struggling,sitting
190,struggling,biting,eating,sitting,killing,
191,struggling,kicking,biting,eating,sitting,killing
192,struggling,kicking,biting,eating,sitting,killing
193,struggling,kicking,biting,eating,sitting,killing
194,biting,eating,,,,
195,biting,eating,,,,
196,biting,eating,,,,
197,biting,eating,,,,
198,biting,eating,,,,
199,,,,,,
200,,,,,,
201,,,,,,
202,,,,,,
203,,,,,,
204,,,,,,
205,,,,,,
206,,,,,,
207,grooming,,,,,
208,grooming,,,,,
209,camouflaging,,,,,
210,,,,,,
211,camouflaging,,,,,
212,grooming,,,,,
213,grooming,,,,,
214,grooming,,,,,
215,grooming,,,,,
216,grooming,,,,,
217,grooming,,,,,
218,crawling,,,,,
219,grooming,,,,,
220,grooming,,,,,
221,grooming,,,,,
222,grabbing,attacking,,,,
223,grabbing,attacking,,,,
224,grabbing,attacking,,,,
225,grabbing,attacking,,,,
226,grabbing,attacking,,,,
227,walking,,,,,
228,walking,,,,,
229,walking,,,,,
230,walking,,,,,
231,walking,,,,,
232,walking,,,,,
233,walking,,,,,
234,walking,,,,,
235,,,,,,
236,,,,,,
237,,,,,,
238,,,,,,
239,walking,,,,,
240,grooming,,,,,
241,grooming,,,,,
242,,,,,,
243,grooming,,,,,
244,darting,hunting,,,,
245,grabbing,,,,,
246,grabbing,,,,,
247,grabbing,,,,,
248,darting,grabbing,hunting,,,
249,darting,grabbing,hunting,,,
250,grabbing,,,,,
251,grabbing,,,,,
252,grabbing,,,,,
253,grabbing,,,,,
254,grabbing,,,,,
255,,,,,,
256,,,,,,
257,,,,,,
258,,,,,,
259,,,,,,
260,,,,,,
261,,,,,,
262,,,,,,
263,,,,,,
264,,,,,,
265,,,,,,
266,,,,,,
267,,,,,,
268,,,,,,
269,,,,,,
270,swimming,,,,,
271,swimming,,,,,
272,swimming,,,,,
273,swimming,,,,,
274,,,,,,
275,,,,,,
276,,,,,,
277,sliding,basking,,,,
278,sliding,basking,,,,
279,sliding,playing,biting,,,
280,sliding,playing,biting,,,
281,sliding,playing,biting,,,
282,sliding,playing,biting,,,
283,sliding,playing,biting,,,
284,swimming,sliding,,,,
285,swimming,sliding,,,,
286,sliding,diving,,,,
287,sliding,diving,swimming,,,
288,sliding,diving,,,,
289,sliding,diving,swimming,,,
290,swimming,,,,,
291,swimming,,,,,
292,swimming,,,,,
293,swimming,,,,,
294,swimming,,,,,
295,swimming,,,,,
296,swimming,,,,,
297,swimming,basking,,,,
298,swimming,basking,,,,
299,wiggling,,,,,
300,swimming,,,,,
301,sliding,,,,,
302,swimming,,,,,
303,swimming,,,,,
304,swimming,,,,,
305,swimming,,,,,
306,swimming,,,,,
307,swimming,,,,,
308,swimming,,,,,
309,swimming,,,,,
310,swimming,,,,,
311,swimming,,,,,
312,swimming,,,,,
313,swimming,,,,,
314,swimming,,,,,
315,swimming,,,,,
316,swimming,,,,,
317,swimming,,,,,
318,swimming,,,,,
319,swimming,,,,,
320,swimming,,,,,
321,swimming,,,,,
322,swimming,,,,,
323,,,,,,
324,swimming,splashing,,,,
325,swimming,splashing,attacking,,,
326,splashing,swimming,chasing,attacking,fleeing,
327,splashing,swimming,chasing,attacking,fleeing,
328,swimming,,,,,
329,swimming,fleeing,attacking,,,
330,swimming,fleeing,,,,
331,swimming,splash,,,,
332,swimming,fleeing,,,,
333,splashing,,,,,
334,swimming,fleeing,attacking,,,
335,swimming,fleeing,attacking,,,
336,swimming,fleeing,attacking,,,
337,swimming,fleeing,,,,
338,swimming,fleeing,attacking,,,
339,swimming,fleeing,attacking,,,
340,swimming,fleeing,attacking,,,
341,swimming,fleeing,attacking,,,
342,swimming,fleeing,,,,
343,swimming,fleeing,attacking,,,
344,splashing,,,,,
345,splashing,,,,,
346,splashing,,,,,
347,swimming,,,,,
348,swimming,,,,,
349,swimming,,,,,
350,swimming,,,,,
351,swimming,,,,,
352,swimming,,,,,
353,swimming,,,,,
354,swimming,,,,,
355,swimming,,,,,
356,swimming,,,,,
357,swimming,,,,,
358,swimming,,,,,
359,swimming,,,,,
360,swimming,,,,,
361,swimming,,,,,
362,swimming,,,,,
363,swimming,basking,,,,
364,swimming,basking,,,,
365,basking,,,,,
366,basking,,,,,
367,basking,,,,,
368,basking,,,,,
369,,,,,,
370,,,,,,
371,,,,,,
372,,,,,,
373,flying,,,,,
374,flying,,,,,
375,clearing,,,,,
376,clearing,,,,,
377,,,,,,
378,walking,,,,,
379,walking,,,,,
380,walking,,,,,
381,walking,,,,,
382,walking,,,,,
383,walking,,,,,
384,walking,,,,,
385,walking,,,,,
386,walking,,,,,
387,walking,,,,,
388,walking,,,,,
389,walking,,,,,
390,walking,,,,,
391,walking,,,,,
392,walking,,,,,
393,clearing,,,,,
394,walking,,,,,
395,walking,,,,,
396,,,,,,
397,,,,,,
398,,,,,,
399,,,,,,
400,,,,,,
401,,,,,,
402,,,,,,
403,,,,,,
404,,,,,,
405,,,,,,
406,,,,,,
407,turning,,,,,
408,,,,,,
409,flying,,,,,
410,flying,,,,,
411,flying,,,,,
412,clearing,chewing,eating,,,
413,clearing,eating,,,,
414,clearing,eating,,,,
415,clearing,eating,licking,,,
416,clearing,eating,licking,,,
417,clearing,eating,,,,
418,clearing,walking,,,,
419,clearing,walking,,,,
420,clearing,grazing,eating,,,
421,,,,,,
422,,,,,,
423,chewing,eating,,,,
424,clearing,walking,,,,
425,chewing,eating,,,,
426,stomping,,,,,
427,clearing,grazing,eating,startled,,
428,clearing,grazing,eating,startled,,
429,,,,,,
430,clearing,looking,,,,
431,clearing,,,,,
432,clearing,,,,,
433,clearing,,,,,
434,clearing,,,,,
435,clearing,,,,,
436,clearing,,,,,
437,clearing,,,,,
438,clearing,,,,,
439,clearing,,,,,
440,,,,,,
441,,,,,,
442,clearing,,,,,
443,clearing,,,,,
444,clearing,,,,,
445,clearing,,,,,
446,clearing,turning,,,,
447,,,,,,
448,jumping,,,,,
449,clearing,running,chasing,,,
450,running,fleeing,clearing,,,
451,clearing,running,chasing,,,
452,clearing,jumping,fleeing,,,
453,running,chasing,,,,
454,running,chasing,,,,
455,running,chasing,,,,
456,running,chasing,,,,
457,running,fleeing,,,,
458,walking,,,,,
459,running,,,,,
460,running,,,,,
461,walking,,,,,
462,clearing,walking,,,,
463,clearing,walking,,,,
464,clearing,walking,,,,
465,clearing,walking,,,,
466,clearing,,,,,
467,clearing,,,,,
468,,,,,,
469,,,,,,
470,eating,sniffing,chewing,,,
471,eating,sniffing,chewing,,,
472,eating,sniffing,chewing,,,
473,eating,sniffing,chewing,,,
474,eating,sniffing,chewing,,,
475,eating,sniffing,chewing,,,
476,eating,sniffing,chewing,,,
477,eating,sniffing,chewing,,,
478,eating,sniffing,chewing,,,
479,eating,sniffing,chewing,,,
480,eating,sniffing,chewing,,,
481,sniffing,,,,,
482,sniffing,,,,,
483,eating,sniffing,chewing,,,
484,eating,sniffing,chewing,,,
485,eating,sniffing,chewing,,,
486,running,,,,,
487,,,,,,
488,,,,,,
489,grooming,,,,,
490,grooming,,,,,
491,,,,,,
492,running,,,,,
493,,,,,,
494,,,,,,
495,walking,,,,,
496,sniffing,,,,,
497,standing,,,,,
498,,,,,,
499,looking,,,,,
500,pushing,swishing,,,,
501,pushing,swishing,,,,
502,pushing,,,,,
503,pushing,,,,,
504,pushing,,,,,
505,pushing,swishing,,,,
506,,,,,,
507,pushing,,,,,
508,,,,,,
509,swishing,,,,,
510,swishing,,,,,
511,sniffing,,,,,
512,pushing,swishing,,,,
513,,,,,,
514,swishing,,,,,
515,swishing,,,,,
516,swishing,,,,,
517,pushing,swishing,,,,
518,retreating,,,,,
519,retreating,,,,,
520,pushing,swishing,,,,
521,pushing,swishing,,,,
522,retreating,,,,,
523,swishing,slithering,,,,
524,swishing,slithering,,,,
525,slithering,,,,,
526,slithering,,,,,
527,biting,carrying,running,,,
528,biting,carrying,running,,,
529,biting,carrying,running,,,
530,biting,carrying,running,,,
531,biting,carrying,running,,,
532,biting,carrying,running,,,
533,,,,,,
534,,,,,,
535,,,,,,
536,,,,,,
537,,,,,,
538,,,,,,
539,,,,,,
540,,,,,,
541,,,,,,
542,,,,,,
543,,,,,,
544,flying,,,,,
545,flying,,,,,
546,flying,,,,,
547,flying,,,,,
548,flying,,,,,
549,waddling,,,,,
550,waddling,,,,,
551,waddling,,,,,
552,,,,,,
553,,,,,,
554,,,,,,
555,flying,,,,,
556,flying,,,,,
557,,,,,,
558,,,,,,
559,,,,,,
560,sliding,,,,,
561,,,,,,
562,sliding,,,,,
563,,,,,,
564,,,,,,
565,swimming,attacking,,,,
566,splashing,attacking,,,,
567,splashing,attacking,,,,
568,splashing,attacking,,,,
569,splashing,attacking,,,,
570,splashing,attacking,,,,
571,splashing,attacking,,,,
572,splashing,attacking,,,,
573,splashing,attacking,,,,
574,swimming,,,,,
575,swimming,,,,,
576,swimming,,,,,
577,swimming,,,,,
578,swimming,,,,,
579,swimming,,,,,
580,swimming,,,,,
581,swimming,,,,,
582,swimming,,,,,
583,swimming,,,,,
584,swimming,,,,,
585,swimming,,,,,
586,swimming,,,,,
587,swimming,,,,,
588,swimming,,,,,
589,swimming,,,,,
590,swimming,,,,,
591,,,,,,
592,,,,,,
593,,,,,,
594,swimming,,,,,
595,swimming,,,,,
596,swimming,,,,,
597,swimming,,,,,
598,swimming,,,,,
599,swimming,,,,,
600,swimming,,,,,
601,swimming,,,,,
602,swimming,,,,,
603,swimming,,,,,
604,swimming,,,,,
605,swimming,,,,,
606,swimming,,,,,
607,swimming,,,,,
608,swimming,,,,,
609,swimming,,,,,
610,swimming,,,,,
611,swimming,,,,,
612,swimming,,,,,
613,swimming,,,,,
614,swimming,,,,,
615,swimming,,,,,
616,swimming,,,,,
617,swimming,,,,,
618,swimming,,,,,
619,swimming,,,,,
620,swimming,,,,,
621,swimming,,,,,
622,swimming,,,,,
623,swimming,,,,,
624,swimming,,,,,
625,swimming,,,,,
626,swimming,,,,,
627,swimming,,,,,
628,swimming,,,,,
629,swimming,,,,,
630,swimming,,,,,
631,swimming,,,,,
632,swimming,,,,,
633,swimming,,,,,
634,,,,,,
635,,,,,,
636,swimming,,,,,
637,swimming,,,,,
638,swimming,,,,,
639,,,,,,
640,,,,,,
641,swimming,,,,,
642,swimming,,,,,
643,swimming,,,,,
644,swimming,,,,,
645,,,,,,
646,,,,,,
647,,,,,,
648,,,,,,
649,,,,,,
650,swimming,,,,,
651,,,,,,
652,,,,,,
653,swimming,,,,,
654,swimming,,,,,
655,swimming,,,,,
656,swimming,,,,,
657,swimming,,,,,
658,,,,,,
659,,,,,,
660,swimming,,,,,
661,swimming,,,,,
662,swimming,,,,,
663,swimming,,,,,
664,swimming,,,,,
665,swimming,,,,,
666,swimming,,,,,
667,swimming,,,,,
668,,,,,,
669,swimming,,,,,
670,swimming,,,,,
671,swimming,,,,,
672,swimming,,,,,
673,swimming,,,,,
674,swimming,,,,,
675,swimming,,,,,
676,swimming,,,,,
677,swimming,,,,,
678,swimming,,,,,
679,swimming,splashing,,,,
680,swimming,splashing,,,,
681,swimming,splashing,,,,
682,swimming,splashing,,,,
683,swimming,,,,,
684,swimming,,,,,
685,swimming,,,,,
686,swimming,,,,,
687,swimming,,,,,
688,swimming,,,,,
689,swimming,,,,,
690,swimming,,,,,
691,swimming,,,,,
692,swimming,,,,,
693,swimming,,,,,
694,swimming,,,,,
695,swimming,,,,,
696,swimming,,,,,
697,swimming,,,,,
698,swimming,,,,,
699,swimming,,,,,
700,swimming,,,,,
701,swimming,,,,,
702,swimming,,,,,
703,swimming,spouting,,,,
704,swimming,spouting,,,,
705,swimming,spouting,,,,
706,swimming,,,,,
707,swimming,,,,,
708,swimming,,,,,
709,swimming,,,,,
710,,,,,,
711,,,,,,
712,,,,,,
713,,,,,,
714,swimming,,,,,
715,swimming,,,,,
716,swimming,,,,,
717,swimming,,,,,
718,swimming,,,,,
719,swimming,chasing,,,,
720,swimming,chasing,,,,
721,swimming,,,,,
722,swimming,chasing,fleeing,,,
723,swimming,chasing,fleeing,,,
724,swimming,chasing,fleeing,,,
725,swimming,chasing,,,,
726,swimming,chasing,,,,
727,flying,jumping,escaping,soaring,,
728,flying,jumping,escaping,soaring,splashing,
729,flying,jumping,escaping,soaring,splashing,
730,flying,jumping,escaping,soaring,splashing,
731,flying,jumping,escaping,soaring,splashing,
732,flying,jumping,escaping,soaring,splashing,
733,flying,jumping,escaping,soaring,,
734,flying,jumping,escaping,soaring,,
735,flying,jumping,escaping,soaring,,
736,flying,jumping,escaping,soaring,splashing,
737,flying,jumping,escaping,soaring,splashing,
738,swimming,,,,,
739,swimming,,,,,
740,flying,jumping,escaping,soaring,splashing,
741,flying,jumping,escaping,soaring,splashing,
742,flying,jumping,escaping,soaring,splashing,
743,flying,jumping,escaping,soaring,splashing,
744,flying,jumping,escaping,soaring,splashing,
745,flying,jumping,escaping,soaring,splashing,
746,flying,jumping,escaping,soaring,splashing,
747,flying,jumping,escaping,soaring,splashing,
748,flying,jumping,escaping,soaring,splashing,
749,flying,jumping,escaping,soaring,,
750,flying,jumping,escaping,soaring,,
751,flying,jumping,escaping,soaring,,
752,flying,jumping,escaping,soaring,,
753,,,,,,
754,,,,,,
755,,,,,,
756,,,,,,
757,,,,,,
758,,,,,,
759,,,,,,
760,,,,,,
761,,,,,,
762,,,,,,
763,,,,,,
764,,,,,,
765,,,,,,
766,,,,,,
767,,,,,,
768,,,,,,
769,,,,,,
770,,,,,,
771,walking,,,,,
772,,,,,,
773,walking,climbing,,,,
774,walking,climbing,,,,
775,climbing,,,,,
776,climbing,,,,,
777,climbing,,,,,
778,,,,,,
779,,,,,,
780,,,,,,
781,,,,,,
782,walking,,,,,
783,walking,,,,,
784,walking,,,,,
785,grabbing,stepping,,,,
786,grabbing,stepping,,,,
787,walking,grabbing,,,,
788,walking,grabbing,,,,
789,grabbing,stepping,,,,
790,grabbing,stepping,,,,
791,grabbing,stepping,running,,,
792,grabbing,stepping,running,,,
793,,,,,,
794,biting,chewing,,,,
795,biting,chewing,,,,
796,biting,chewing,,,,
797,falling,,,,,
798,falling,,,,,
799,biting,chewing,,,,
800,falling,,,,,
801,,,,,,
802,,,,,,
803,holding,carrying,walking,,,
804,holding,carrying,walking,,,
805,holding,carrying,walking,,,
806,holding,carrying,walking,,,
807,holding,carrying,walking,,,
808,holding,carrying,walking,,,
809,,,,,,
810,,,,,,
811,,,,,,
812,holding,carrying,walking,,,
813,jumping,grabbing,,,,
814,jumping,grabbing,,,,
815,jumping,grabbing,,,,
816,holding,lifting,,,,
817,holding,lifting,,,,
818,holding,lifting,,,,
819,holding,lifting,,,,
820,holding,lifting,,,,
821,holding,lifting,,,,
822,holding,smashing,standing,,,
823,holding,smashing,standing,,,
824,holding,smashing,standing,,,
825,holding,smashing,standing,,,
826,holding,smashing,standing,,,
827,holding,smashing,standing,,,
828,holding,smashing,standing,,,
829,holding,smashing,standing,,,
830,holding,smashing,standing,,,
831,holding,smashing,standing,,,
832,holding,smashing,standing,,,
833,smashing,,,,,
834,eating,chewing,,,,
835,eating,chewing,,,,
836,eating,chewing,cracked,,,
837,eating,chewing,cracked,,,
838,eating,chewing,cracked,,,
839,smashing,,,,,
840,smashing,,,,,
841,smashing,,,,,
842,smashing,,,,,
843,smashing,,,,,
844,smashing,dropping,,,,
845,smashing,dropping,,,,
846,smashing,,,,,
847,dropping,,,,,
848,dropping,,,,,
849,dropping,,,,,
850,smashing,breaking,,,,
851,smashing,,,,,
852,dropping,,,,,
853,dropping,,,,,
854,smashing,rolling,,,,
855,smashing,rolling,,,,
856,smashing,rolling,,,,
857,eating,chewing,,,,
858,smashing,,,,,
859,smashing,,,,,
860,smashing,,,,,
861,smashing,,,,,
862,smashing,,,,,
863,smashed,cracking,,,,
864,smashed,cracking,,,,
865,,,,,,
866,,,,,,
867,,,,,,
868,opening,,,,,
869,opening,,,,,
870,,,,,,
871,,,,,,
872,,,,,,
873,,,,,,
874,,,,,,
875,,,,,,
876,,,,,,
877,eating,,,,,
878,eating,,,,,
879,eating,,,,,
880,eating,,,,,
881,eating,,,,,
882,,,,,,
883,,,,,,
884,,,,,,
885,eating,,,,,
886,eating,stepping,,,,
887,eating,stepping,,,,
888,eating,stepping,,,,
889,eating,stepping,,,,
890,closing,struggling,,,,
891,struggling,,,,,
892,struggling,,,,,
893,closing,struggling,,,,
894,closing,struggling,,,,
895,closing,struggling,,,,
896,closing,struggling,,,,
897,closing,struggling,,,,
898,eating,stepping,,,,
899,closing,struggling,,,,
900,struggling,,,,,
901,struggling,,,,,
902,struggling,,,,,
903,,,,,,
904,,,,,,
905,,,,,,
906,,,,,,
907,,,,,,
908,,,,,,
909,,,,,,
910,,,,,,
911,,,,,,
912,,,,,,
913,,,,,,
914,,,,,,
915,,,,,,
916,molting,,,,,
917,molting,,,,,
918,molting,wiggling,,,,
919,molting,wiggling,,,,
920,molting,,,,,
921,molting,,,,,
922,molting,wiggling,,,,
923,molting,wiggling,,,,
924,molting,wiggling,,,,
925,molting,wiggling,,,,
926,molting,wiggling,,,,
927,molting,wiggling,standing,,,
928,molting,wiggling,standing,,,
929,molting,wiggling,standing,crawling,walking,
930,molting,wiggling,standing,crawling,walking,
931,molting,wiggling,standing,crawling,walking,
932,molting,wiggling,standing,crawling,walking,
933,molting,wiggling,standing,crawling,walking,
934,walking,crawling,,,,
935,walking,crawling,,,,
936,walking,crawling,,,,
937,walking,crawling,,,,
938,grooming,,,,,
939,grooming,,,,,
940,grooming,,,,,
941,grooming,,,,,
942,grooming,,,,,
943,grooming,,,,,
944,grooming,,,,,
945,elongating,growing,,,,
946,elongating,growing,,,,
947,elongating,growing,,,,
948,elongating,growing,,,,
949,elongating,growing,,,,
950,elongating,growing,,,,
951,elongating,growing,,,,
952,elongating,growing,,,,
953,elongating,growing,,,,
954,elongating,growing,,,,
955,elongating,growing,,,,
956,elongating,growing,,,,
957,grooming,,,,,
958,grooming,,,,,
959,grooming,,,,,
960,grooming,,,,,
961,grooming,,,,,
962,grooming,,,,,
963,grooming,,,,,
964,,,,,,
965,,,,,,
966,,,,,,
967,,,,,,
968,flying,,,,,
969,flying,,,,,
970,grooming,,,,,
971,grooming,,,,,
972,grooming,,,,,
973,grooming,,,,,
974,stepping,,,,,
975,stepping,,,,,
976,stepping,,,,,
977,shaking,stepping,,,,
978,shaking,stepping,,,,
979,shaking,stepping,,,,
980,shaking,stepping,,,,
981,shaking,stepping,,,,
982,fighting,,,,,
983,fighting,,,,,
984,fighting,,,,,
985,fighting,,,,,
986,fighting,,,,,
987,fighting,,,,,
988,fighting,,,,,
989,turning,walking,crawling,,,
990,,,,,,
991,,,,,,
992,,,,,,
993,,,,,,
994,,,,,,
995,,,,,,
996,,,,,,
997,,,,,,
998,,,,,,
999,,,,,,
1000,,,,,,
1001,walking,,,,,
1002,walking,,,,,
1003,pawing,,,,,
1004,pawing,,,,,
1005,walking,,,,,
1006,walking,,,,,
1007,walking,,,,,
1008,walking,,,,,
1009,walking,,,,,
1010,walking,,,,,
1011,walking,,,,,
1012,walking,,,,,
1013,walking,,,,,
1014,walking,,,,,
1015,walking,,,,,
1016,walking,,,,,
1017,,,,,,
1018,,,,,,
1019,,,,,,
1020,,,,,,
1021,,,,,,
1022,,,,,,
1023,,,,,,
1024,soaking,,,,,
1025,soaking,,,,,
1026,soaking,,,,,
1027,soaking,,,,,
1028,soaking,,,,,
1029,soaking,,,,,
1030,soaking,,,,,
1031,soaking,,,,,
1032,walking,,,,,
1033,walking,,,,,
1034,soaking,,,,,
1035,soaking,,,,,
1036,soaking,,,,,
1037,soaking,,,,,
1038,walking,,,,,
1039,walking,,,,,
1040,walking,,,,,
1041,rising,splashing,,,,
1042,rising,splashing,,,,
1043,rising,splashing,,,,
1044,rising,splashing,,,,
1045,rising,splashing,,,,
1046,rising,splashing,,,,
1047,charging,splashing,,,,
1048,charging,splashing,,,,
1049,attacking,,,,,
1050,attacking,,,,,
1051,attacking,splashing,,,,
1052,attacking,splashing,,,,
1053,attacking,splashing,,,,
1054,attacking,splashing,,,,
1055,attacking,splashing,,,,
1056,attacking,splashing,,,,
1057,attacking,splashing,,,,
1058,attacking,splashing,,,,
1059,attacking,splashing,,,,
1060,attacking,splashing,,,,
1061,attacking,splashing,,,,
1062,splashing,flying,,,,
1063,splashing,flying,,,,
1064,running,splashing,,,,
1065,running,splashing,,,,
1066,running,splashing,,,,
1067,running,splashing,,,,
1068,running,splashing,,,,
1069,rising,snorting,,,,
1070,rising,snorting,,,,
1071,rising,snorting,,,,
1072,rising,snorting,,,,
1073,rising,snorting,,,,
1074,walking,,,,,
1075,walking,,,,,
1076,walking,,,,,
1077,walking,,,,,
1078,walking,,,,,
1079,walking,,,,,
1080,walking,,,,,
1081,walking,,,,,
1082,,,,,,
1083,,,,,,
1084,swimming,diving,,,,
1085,swimming,diving,,,,
1086,swimming,,,,,
1087,swimming,,,,,
1088,swimming,,,,,
1089,,,,,,
1090,,,,,,
1091,swimming,dancing,courting,,,
1092,swimming,dancing,courting,,,
1093,swimming,dancing,courting,,,
1094,swimming,dancing,courting,,,
1095,swimming,dancing,courting,,,
1096,,,,,,
1097,swimming,courting,dancing,grooming,,
1098,swimming,courting,dancing,grooming,,
1099,swimming,courting,dancing,grooming,,
1100,swimming,stretching,,,,
1101,swimming,stretching,,,,
1102,swimming,dancing,courting,,,
1103,swimming,dancing,courting,,,
1104,swimming,dancing,courting,,,
1105,swimming,dancing,courting,,,
1106,swimming,dancing,courting,,,
1107,swimming,dancing,courting,,,
1108,swimming,dancing,courting,,,
1109,courting,dancing,,,,
1110,swimming,courting,dancing,,,
1111,swimming,courting,dancing,,,
1112,swimming,courting,dancing,,,
1113,running,courting,dance,,,
1114,running,courting,dance,,,
1115,running,courting,dance,,,
1116,running,courting,dance,,,
1117,running,courting,dance,,,
1118,running,courting,dance,,,
1119,running,courting,dance,,,
1120,running,courting,dance,,,
1121,running,courting,dance,,,
1122,running,courting,dance,,,
1123,running,courting,dance,,,
1124,running,courting,dance,,,
1125,running,courting,dance,,,
1126,running,courting,dance,,,
1127,running,courting,dance,splashing,diving,
1128,running,courting,dance,splashing,diving,
1129,running,courting,dance,splashing,diving,
1130,running,courting,dance,splashing,diving,
1131,running,courting,dance,splashing,diving,
1132,running,courting,dance,splashing,diving,
1133,,,,,,
1134,,,,,,
1135,,,,,,
1136,,,,,,
1137,swimming,,,,,
1138,swimming,,,,,
1139,swimming,,,,,
1140,swimming,,,,,
1141,swimming,,,,,
1142,,,,,,
1143,swimming,landing,,,,
1144,crawling,,,,,
1145,crawling,,,,,
1146,crawling,,,,,
1147,crawling,,,,,
1148,crawling,,,,,
1149,crawling,,,,,
1150,crawling,,,,,
1151,crawling,,,,,
1152,crawling,,,,,
1153,crawling,,,,,
1154,crawling,,,,,
1155,,,,,,
1156,,,,,,
1157,,,,,,
1158,,,,,,
1159,swaying,,,,,
1160,swaying,,,,,
1161,swaying,,,,,
1162,swaying,,,,,
1163,swaying,,,,,
1164,swaying,,,,,
1165,swaying,,,,,
1166,swaying,,,,,
1167,swaying,,,,,
1168,swaying,,,,,
1169,swaying,,,,,
1170,swaying,,,,,
1171,swaying,,,,,
1172,swaying,,,,,
1173,swaying,swimming,,,,
1174,swaying,swimming,,,,
1175,swaying,swimming,,,,
1176,swaying,swimming,,,,
1177,swaying,swimming,,,,
1178,,,,,,
1179,,,,,,
1180,swaying,,,,,
1181,swaying,,,,,
1182,swaying,,,,,
1183,,,,,,
1184,,,,,,
1185,swaying,hatching,swimming,,,
1186,swaying,hatching,swimming,,,
1187,swaying,hatching,swimming,,,
1188,swaying,hatching,swimming,,,
1189,swaying,hatching,swimming,,,
1190,swaying,hatching,swimming,,,
1191,swaying,swimming,,,,
1192,swaying,swimming,,,,
1193,swaying,swimming,,,,
1194,swaying,swimming,,,,
1195,,,,,,
1196,,,,,,
1197,,,,,,
1198,swimming,,,,,
1199,swimming,,,,,
1200,swimming,,,,,
1201,,,,,,
1202,,,,,,
1203,,,,,,
1204,,,,,,
1205,,,,,,
1206,,,,,,
1207,,,,,,
1208,,,,,,
1209,,,,,,
1210,,,,,,
1211,,,,,,
1212,,,,,,
1213,,,,,,
1214,,,,,,
1215,,,,,,
1216,,,,,,
1217,swimming,wiggling,,,,
1218,swimming,wiggling,,,,
1219,swimming,wiggling,,,,
1220,swimming,wiggling,,,,
1221,,,,,,
1222,,,,,,
1223,,,,,,
1224,,,,,,
1225,,,,,,
1226,carrying,,,,,
1227,carrying,jumping,,,,
1228,carrying,jumping,,,,
1229,,,,,,
1230,,,,,,
1231,,,,,,
1232,,,,,,
1233,carrying,jumping,,,,
1234,jumping,carrying,jumping,,,
1235,jumping,carrying,jumping,,,
1236,jumping,carrying,jumping,,,
1237,jumping,carrying,jumping,,,
1238,carrying,jumping,,,,
1239,,,,,,
1240,,,,,,
1241,,,,,,
1242,,,,,,
1243,,,,,,
1244,,,,,,
1245,carrying,jumping,,,,
1246,carrying,,,,,
1247,carrying,,,,,
1248,carrying,crawling,,,,
1249,crawling,,,,,
1250,crawling,jumping,,,,
1251,crawling,jumping,,,,
1252,crawling,jumping,,,,
1253,crawling,jumping,,,,
1254,,,,,,
1255,,,,,,
1256,stepping,,,,,
1257,swimming,,,,,
1258,crawling,,,,,
1259,swimming,,,,,
1260,jumping,,,,,
1261,jumping,,,,,
1262,swimming,wiggling,,,,
1263,carrying,crawling,,,,
1264,crawling,carrying,,,,
1265,crawling,carrying,,,,
1266,jumping,carrying,,,,
1267,crawling,carrying,,,,
1268,crawling,carrying,,,,
1269,crawling,carrying,jumping,,,
1270,jumping,carrying,,,,
1271,jumping,carrying,,,,
1272,crawling,carrying,,,,
1273,crawling,carrying,,,,
1274,crawling,carrying,,,,
1275,swimming,,,,,
1276,swimming,,,,,
1277,jumping,,,,,
1278,crawling,,,,,
1279,crawling,,,,,
1280,dropping,,,,,
1281,dropping,,,,,
1282,dropping,,,,,
1283,dropping,,,,,
1284,,,,,,
1285,crawling,,,,,
1286,eating,,,,,
1287,eating,,,,,
1288,eating,,,,,
1289,jumping,,,,,
1290,eating,,,,,
1291,eating,,,,,
1292,crawling,,,,,
1293,crawling,,,,,
1294,crawling,,,,,
1295,jumping,,,,,
1296,,,,,,
1297,swimming,,,,,
1298,eating,,,,,
1299,eating,,,,,
1300,jumping,,,,,
1301,,,,,,
1302,,,,,,
1303,swimming,,,,,
1304,swimming,,,,,
1305,swimming,crawling,,,,
1306,crawling,,,,,
1307,crawling,,,,,
1308,crawling,,,,,
1309,,,,,,
1310,,,,,,
1311,,,,,,
1312,,,,,,
1313,,,,,,
1314,,,,,,
1315,,,,,,
1316,,,,,,
1317,waddling,,,,,
1318,waddling,,,,,
1319,waddling,,,,,
1320,waddling,,,,,
1321,waddling,,,,,
1322,waddling,,,,,
1323,waddling,,,,,
1324,waddling,,,,,
1325,waddling,,,,,
1326,waddling,feeding,regurgitating,,,
1327,waddling,feeding,regurgitating,,,
1328,waddling,feeding,regurgitating,,,
1329,waddling,feeding,regurgitating,,,
1330,waddling,feeding,regurgitating,,,
1331,waddling,feeding,regurgitating,,,
1332,waddling,feeding,regurgitating,,,
1333,waddling,feeding,regurgitating,,,
1334,waddling,feeding,regurgitating,,,
1335,waddling,feeding,regurgitating,,,
1336,flapping,waddling,,,,
1337,flapping,waddling,,,,
1338,flapping,waddling,,,,
1339,flapping,waddling,,,,
1340,hopping,walking,,,,
1341,hopping,walking,,,,
1342,waddling,,,,,
1343,waddling,,,,,
1344,waddling,,,,,
1345,waddling,,,,,
1346,waddling,,,,,
1347,hopping,walking,waddling,,,
1348,waddling,walking,jumping,,,
1349,waddling,walking,jumping,,,
1350,waddling,walking,jumping,,,
1351,waddling,walking,jumping,,,
1352,waddling,slipping,,,,
1353,waddling,slipping,,,,
1354,waddling,jumping,,,,
1355,jumping,,,,,
1356,slipping,,,,,
1357,splash,,,,,
1358,splash,standing,,,,
1359,diving,swimming,,,,
1360,diving,swimming,,,,
1361,diving,swimming,,,,
1362,swimming,,,,,
1363,swimming,,,,,
1364,,,,,,
1365,,,,,,
1366,,,,,,
1367,standing,hopping,,,,
1368,standing,hopping,,,,
1369,standing,hopping,,,,
1370,standing,,,,,
1371,swimming,floating,,,,
1372,swimming,floating,,,,
1373,,,,,,
1374,,,,,,
1375,,,,,,
1376,swimming,,,,,
1377,swimming,,,,,
1378,swimming,,,,,
1379,swimming,splashing,,,,
1380,swimming,,,,,
1381,looking,,,,,
1382,swimming,,,,,
1383,swimming,,,,,
1384,swimming,,,,,
1385,swimming,,,,,
1386,swimming,,,,,
1387,swimming,,,,,
1388,swimming,,,,,
1389,swimming,,,,,
1390,swimming,,,,,
1391,swimming,struggling,,,,
1392,swimming,struggling,,,,
1393,swimming,struggling,,,,
1394,looking,,,,,
1395,looking,,,,,
1396,fleeing,struggling,attacking,,,
1397,attacking,biting,eating,swimming,,
1398,attacking,biting,eating,swimming,,
1399,attacking,biting,eating,swimming,,
1400,attacking,biting,eating,swimming,,
1401,attacking,biting,eating,swimming,,
1402,attacking,biting,eating,swimming,,
1403,attacking,biting,eating,swimming,flying,
1404,attacking,biting,eating,swimming,flying,
1405,looking,,,,,
1406,attacking,biting,eating,swimming,,
1407,attacking,biting,eating,swimming,,
1408,attacking,biting,eating,swimming,,
1409,attacking,biting,eating,swimming,,
1410,attacking,biting,eating,swimming,,
1411,attacking,biting,eating,swimming,,
1412,attacking,biting,eating,swimming,,
1413,jumping,,,,,
1414,jumping,,,,,
1415,attacking,biting,eating,swimming,flying,
1416,attacking,biting,eating,swimming,flying,
1417,attacking,biting,eating,swimming,,
1418,attacking,biting,eating,swimming,,
1419,attacking,biting,eating,swimming,,
1420,attacking,biting,eating,swimming,,
1421,sinking,ripped,eaten,,,
1422,sinking,ripped,eaten,,,
1423,sinking,ripped,eaten,,,
1424,sinking,ripped,eaten,,,
1425,sinking,ripped,eaten,,,
1426,sinking,ripped,eaten,,,
1427,swimming,,,,,
1428,swimming,,,,,
1429,swimming,,,,,
1430,swimming,,,,,
1431,swimming,,,,,
1432,swimming,,,,,
1433,swimming,,,,,
1434,swimming,,,,,
1435,swimming,,,,,
1436,,,,,,
1437,,,,,,
1438,,,,,,
1439,,,,,,
1440,,,,,,
1441,swimming,,,,,
1442,swimming,,,,,
1443,swimming,,,,,
1444,swimming,,,,,
1445,swimming,,,,,
1446,swimming,,,,,
1447,swimming,,,,,
1448,swimming,,,,,
1449,swimming,,,,,
1450,swaying,shaking,,,,
1451,swaying,shaking,,,,
1452,swaying,climbing,,,,
1453,swaying,climbing,,,,
1454,swaying,climbing,,,,
1455,swaying,climbing,,,,
1456,swaying,climbing,,,,
1457,swaying,climbing,,,,
1458,swaying,climbing,,,,
1459,swaying,climbing,,,,
1460,swaying,climbing,,,,
1461,swaying,climbing,,,,
1462,swaying,climbing,,,,
1463,swaying,climbing,,,,
1464,swaying,climbing,,,,
1465,swaying,climbing,,,,
1466,swaying,climbing,,,,
1467,swaying,climbing,,,,
1468,swaying,climbing,playing,,,
1469,swaying,climbing,playing,,,
1470,swaying,climbing,playing,,,
1471,swaying,climbing,playing,,,
1472,swaying,climbing,,,,
1473,swaying,climbing,,,,
1474,grabbing,,,,,
1475,grabbing,,,,,
1476,swaying,climbing,eating,biting,,
1477,swaying,climbing,eating,biting,,
1478,swaying,climbing,eating,biting,,
1479,eating,biting,,,,
1480,eating,biting,,,,
1481,eating,biting,,,,
1482,eating,biting,,,,
1483,eating,biting,,,,
1484,eating,biting,,,,
1485,eating,biting,,,,
1486,eating,biting,,,,
1487,eating,biting,,,,
