,0,1,2,3,4,5,6
0,water,light,bubble,word,,,
1,water,light,bubble,word,,,
2,water,light,bubble,word,,,
3,water,light,bubble,word,,,
4,water,light,bubble,word,,,
5,water,light,bubble,word,,,
6,water,light,bubble,word,,,
7,words,,,,,,
8,words,,,,,,
9,words,,,,,,
10,words,,,,,,
11,words,,,,,,
12,words,,,,,,
13,words,,,,,,
14,words,,,,,,
15,words,,,,,,
16,words,,,,,,
17,words,,,,,,
18,words,,,,,,
19,circles,seabed,water,coast,,,
20,circles,seabed,water,coast,,,
21,circles,seabed,water,coast,,,
22,circles,seabed,water,coast,,,
23,seabed,water,,,,,
24,seabed,water,,,,,
25,seabed,water,,,,,
26,seabed,water,,,,,
27,water,,,,,,
28,water,,,,,,
29,water,,,,,,
30,water,,,,,,
31,water,silt,trail,,,,
32,water,silt,trail,,,,
33,water,silt,trail,,,,
34,water,silt,trail,,,,
35,water,silt,trail,,,,
36,water,silt,trail,,,,
37,water,silt,trail,seaweed,,,
38,water,silt,trail,,,,
39,water,silt,trail,circle,,,
40,water,silt,trail,circle,,,
41,water,silt,trail,circle,,,
42,water,silt,trail,circle,,,
43,water,silt,trail,circle,,,
44,water,silt,trail,circle,,,
45,water,silt,trail,circle,,,
46,water,,,,,,
47,water,silt,trail,circle,,,
48,water,silt,trail,circle,,,
49,water,silt,trail,circle,,,
50,water,silt,trail,circle,,,
51,water,,,,,,
52,water,,,,,,
53,water,silt,trail,,,,
54,water,silt,trail,,,,
55,water,,,,,,
56,water,,,,,,
57,water,,,,,,
58,water,silt,trail,circle,,,
59,water,silt,trail,circle,,,
60,water,silt,trail,circle,,,
61,water,,,,,,
62,water,,,,,,
63,water,,,,,,
64,water,,,,,,
65,water,,,,,,
66,water,,,,,,
67,water,,,,,,
68,water,,,,,,
69,water,,,,,,
70,water,silt,trail,seaweed,reef,,
71,water,silt,trail,seaweed,reef,,
72,water,silt,trail,seaweed,reef,,
73,water,silt,trail,seaweed,reef,,
74,water,silt,trail,seaweed,reef,,
75,water,silt,trail,seaweed,reef,,
76,water,silt,trail,seaweed,reef,,
77,water,silt,trail,seaweed,reef,,
78,water,silt,trail,seaweed,reef,,
79,water,silt,trail,seaweed,reef,,
80,water,silt,trail,seaweed,reef,,
81,water,silt,trail,seaweed,reef,,
82,water,silt,trail,seaweed,reef,,
83,flower,,,,,,
84,flower,,,,,,
85,flower,,,,,,
86,flower,,,,,,
87,bark,,,,,,
88,bark,,,,,,
89,bark,,,,,,
90,,,,,,,
91,,,,,,,
92,water,,,,,,
93,water,,,,,,
94,plant,bark,,,,,
95,plant,bark,,,,,
96,plant,bark,,,,,
97,water,,,,,,
98,water,,,,,,
99,water,,,,,,
100,water,,,,,,
101,water,snow,,,,,
102,water,snow,,,,,
103,water,snow,steam,words,,,
104,water,snow,steam,words,,,
105,water,snow,steam,words,,,
106,mountains,clouds,,,,,
107,mountains,clouds,,,,,
108,mountains,clouds,,,,,
109,mountains,clouds,,,,,
110,,,,,,,
111,,,,,,,
112,,,,,,,
113,,,,,,,
114,savanna,plains,grass,,,,
115,savanna,plains,grass,,,,
116,,,,,,,
117,grass,,,,,,
118,,,,,,,
119,,,,,,,
120,,,,,,,
121,,,,,,,
122,,,,,,,
123,,,,,,,
124,,,,,,,
125,,,,,,,
126,,,,,,,
127,,,,,,,
128,,,,,,,
129,,,,,,,
130,,,,,,,
131,,,,,,,
132,,,,,,,
133,,,,,,,
134,,,,,,,
135,grass,plains,,,,,
136,grass,plains,,,,,
137,grass,,,,,,
138,grass,,,,,,
139,,,,,,,
140,,,,,,,
141,,,,,,,
142,,,,,,,
143,plains,,,,,,
144,plains,,,,,,
145,plains,,,,,,
146,,,,,,,
147,grass,,,,,,
148,grass,,,,,,
149,grass,,,,,,
150,,,,,,,
151,,,,,,,
152,,,,,,,
153,grass,,,,,,
154,grass,,,,,,
155,,,,,,,
156,,,,,,,
157,,,,,,,
158,,,,,,,
159,,,,,,,
160,,,,,,,
161,,,,,,,
162,,,,,,,
163,,,,,,,
164,grass,,,,,,
165,grass,,,,,,
166,grass,,,,,,
167,grass,,,,,,
168,grass,,,,,,
169,savanna,grass,trees,plains,,,
170,savanna,grass,trees,plains,,,
171,savanna,grass,trees,plains,,,
172,savanna,grass,trees,plains,,,
173,savanna,grass,trees,plains,,,
174,savanna,grass,trees,plains,,,
175,savanna,grass,trees,plains,,,
176,savanna,grass,trees,plains,,,
177,savanna,grass,trees,plains,,,
178,savanna,grass,trees,plains,,,
179,grass,plains,savanna,,,,
180,grass,plains,savanna,,,,
181,grass,,,,,,
182,grass,plains,savanna,,,,
183,grass,plains,savanna,,,,
184,grass,plains,savanna,,,,
185,grass,plains,savanna,,,,
186,grass,plains,savanna,,,,
187,grass,plains,savanna,,,,
188,grass,plains,savanna,,,,
189,grass,plains,savanna,,,,
190,grass,,,,,,
191,grass,,,,,,
192,grass,,,,,,
193,grass,,,,,,
194,,,,,,,
195,,,,,,,
196,,,,,,,
197,,,,,,,
198,,,,,,,
199,savanna,clouds,,,,,
200,savanna,clouds,,,,,
201,savanna,clouds,,,,,
202,savanna,clouds,,,,,
203,rainforest,tree,branches,leaves,,,
204,stick,branch,,,,,
205,stick,branch,,,,,
206,leaf,branch,forest,,,,
207,rainforest,,,,,,
208,rainforest,,,,,,
209,bark,tree,,,,,
210,,,,,,,
211,food,bark,,,,,
212,rainforest,,,,,,
213,rainforest,,,,,,
214,rainforest,,,,,,
215,rainforest,,,,,,
216,rainforest,,,,,,
217,rainforest,,,,,,
218,leaf,rainforest,,,,,
219,rainforest,,,,,,
220,rainforest,,,,,,
221,rainforest,,,,,,
222,rainforest,,,,,,
223,rainforest,,,,,,
224,stick,leaf,rainforest,,,,
225,stick,leaf,rainforest,,,,
226,leaf,rainforest,,,,,
227,branch,leaf,rainforest,,,,
228,branch,leaf,rainforest,,,,
229,branch,leaf,rainforest,,,,
230,branch,leaf,rainforest,,,,
231,branch,leaf,rainforest,,,,
232,branch,leaf,rainforest,,,,
233,branch,leaf,rainforest,,,,
234,branch,leaf,rainforest,,,,
235,rainforest,,,,,,
236,rainforest,,,,,,
237,rainforest,leaf,,,,,
238,rainforest,,,,,,
239,branch,leaf,rainforest,,,,
240,rainforest,,,,,,
241,rainforest,,,,,,
242,rainforest,,,,,,
243,rainforest,,,,,,
244,,,,,,,
245,leaf,rainforest,,,,,
246,leaf,rainforest,,,,,
247,leaf,rainforest,,,,,
248,,,,,,,
249,,,,,,,
250,spiderweb,rainforest,,,,,
251,spiderweb,rainforest,,,,,
252,spiderweb,rainforest,,,,,
253,spiderweb,rainforest,,,,,
254,spiderweb,rainforest,,,,,
255,mountains,snow,rock,,,,
256,mountains,snow,rock,,,,
257,mountains,snow,rock,,,,
258,mountains,snow,rock,,,,
259,mountains,snow,rock,,,,
260,mountains,snow,rock,,,,
261,mountains,snow,rock,,,,
262,mountains,snow,rock,,,,
263,mountains,snow,rock,water,arctic,icebergs,
264,mountains,snow,rock,water,arctic,icebergs,
265,mountains,snow,rock,water,arctic,icebergs,
266,mountains,snow,rock,water,arctic,icebergs,
267,mountains,snow,rock,water,arctic,icebergs,
268,mountains,snow,rock,water,arctic,icebergs,
269,mountains,snow,rock,water,arctic,icebergs,
270,water,ice,ocean,,,,
271,water,ice,ocean,,,,
272,water,ice,ocean,,,,
273,water,ice,ocean,,,,
274,iceberg,water,ocean,mountains,snow,ice,
275,iceberg,water,ocean,mountains,snow,ice,
276,iceberg,water,ocean,mountains,snow,ice,
277,snow,ice,iceberg,,,,
278,snow,ice,iceberg,,,,
279,snow,ice,iceberg,,,,
280,snow,ice,iceberg,,,,
281,snow,ice,iceberg,,,,
282,snow,ice,iceberg,,,,
283,snow,ice,iceberg,,,,
284,ice,snow,iceberg,water,ocean,,
285,ice,snow,iceberg,water,ocean,,
286,ice,water,iceberg,,,,
287,ice,water,iceberg,underwater,,,
288,ice,water,iceberg,,,,
289,ice,water,iceberg,underwater,,,
290,water,ocean,ice,underwater,,,
291,water,ocean,ice,underwater,,,
292,water,ocean,ice,underwater,,,
293,water,,,,,,
294,water,,,,,,
295,water,,,,,,
296,water,,,,,,
297,water,iceberg,,,,,
298,water,iceberg,,,,,
299,iceberg,,,,,,
300,water,,,,,,
301,iceberg,,,,,,
302,water,,,,,,
303,water,,,,,,
304,water,ocean,ice,icebergs,,,
305,water,ocean,ice,icebergs,,,
306,water,ocean,,,,,
307,water,ocean,,,,,
308,water,,,,,,
309,water,ocean,ice,icebergs,,,
310,water,,,,,,
311,water,,,,,,
312,water,ocean,ice,icebergs,,,
313,water,ocean,ice,icebergs,,,
314,water,ocean,ice,icebergs,,,
315,water,ocean,ice,icebergs,,,
316,water,ocean,ice,icebergs,,,
317,water,,,,,,
318,water,iceberg,,,,,
319,water,iceberg,,,,,
320,underwater,water,,,,,
321,water,iceberg,,,,,
322,water,iceberg,,,,,
323,water,iceberg,ice,,,,
324,water,,,,,,
325,water,,,,,,
326,water,iceberg,,,,,
327,water,iceberg,,,,,
328,underwater,,,,,,
329,water,ocean,iceberg,,,,
330,underwater,bubbles,,,,,
331,water,ocean,iceberg,wave,,,
332,water,ocean,iceberg,,,,
333,underwater,bubbles,,,,,
334,water,ocean,iceberg,,,,
335,water,ocean,iceberg,,,,
336,water,ocean,iceberg,,,,
337,water,ocean,iceberg,,,,
338,water,ocean,iceberg,,,,
339,water,ocean,iceberg,,,,
340,water,ocean,iceberg,,,,
341,water,ocean,iceberg,,,,
342,water,ocean,iceberg,,,,
343,water,ocean,iceberg,,,,
344,underwater,bubbles,,,,,
345,underwater,bubbles,,,,,
346,underwater,bubbles,,,,,
347,water,ocean,,,,,
348,water,ocean,,,,,
349,water,ocean,,,,,
350,water,ocean,,,,,
351,iceberg,ocean,,,,,
352,iceberg,ocean,,,,,
353,iceberg,ocean,,,,,
354,iceberg,ocean,,,,,
355,iceberg,ocean,,,,,
356,water,ocean,ice,iceberg,,,
357,water,ocean,ice,iceberg,,,
358,water,ocean,ice,iceberg,,,
359,mountains,water,ocean,,,,
360,mountains,water,ocean,,,,
361,underwater,iceberg,,,,,
362,underwater,iceberg,,,,,
363,iceberg,ice,snow,water,ocean,,
364,iceberg,ice,snow,water,ocean,,
365,iceberg,water,ocean,,,,
366,iceberg,water,ocean,,,,
367,iceberg,water,ocean,,,,
368,iceberg,water,ocean,,,,
369,forest,trees,sunlight,,,,
370,forest,trees,sunlight,,,,
371,forest,trees,,,,,
372,forest,trees,tree,,,,
373,forest,tree,tree,grass,,,
374,forest,tree,tree,grass,,,
375,forest,trees,grass,,,,
376,forest,trees,grass,,,,
377,tree,branch,leaves,,,,
378,forest,trees,branches,leaves,,,
379,forest,trees,branches,leaves,,,
380,forest,trees,branches,leaves,,,
381,forest,trees,leaves,shrubbery,,,
382,forest,trees,leaves,shrubbery,,,
383,forest,trees,leaves,shrubbery,,,
384,forest,trees,leaves,shrubbery,,,
385,forest,trees,leaves,shrubbery,,,
386,forest,trees,leaves,shrubbery,,,
387,forest,trees,leaves,shrubbery,,,
388,forest,leaves,,,,,
389,forest,leaves,,,,,
390,forest,,,,,,
391,forest,trees,tree,branches,,,
392,forest,trees,tree,branches,,,
393,forest,tree,grass,,,,
394,forest,tree,tree,,,,
395,forest,tree,tree,,,,
396,forest,tree,tree,,,,
397,forest,shrubbery,branches,leaves,,,
398,forest,tree,tree,,,,
399,forest,leaves,grass,tree,branch,,
400,forest,leaves,grass,tree,branch,,
401,forest,leaves,grass,tree,branch,,
402,forest,leaves,grass,tree,branch,,
403,forest,trees,leaves,,,,
404,forest,trees,leaves,,,,
405,forest,tree,tree,,,,
406,forest,tree,tree,,,,
407,forest,tree,tree,branches,leaves,,
408,forest,tree,tree,leaves,,,
409,forest,,,,,,
410,forest,,,,,,
411,forest,,,,,,
412,grass,,,,,,
413,grass,,,,,,
414,grass,,,,,,
415,grass,leaves,,,,,
416,grass,leaves,,,,,
417,grass,leaves,tree,,,,
418,grass,,,,,,
419,grass,,,,,,
420,grass,leaves,,,,,
421,forest,tree,tree,grass,,,
422,grass,,,,,,
423,grass,,,,,,
424,grass,,,,,,
425,grass,,,,,,
426,forest,leaves,trees,,,,
427,grass,,,,,,
428,grass,,,,,,
429,forest,tree,branch,leaves,,,
430,grass,,,,,,
431,grass,,,,,,
432,grass,,,,,,
433,grass,,,,,,
434,grass,,,,,,
435,grass,,,,,,
436,grass,,,,,,
437,grass,,,,,,
438,grass,,,,,,
439,grass,,,,,,
440,leaves,,,,,,
441,grass,,,,,,
442,grass,,,,,,
443,grass,,,,,,
444,grass,,,,,,
445,grass,,,,,,
446,grass,,,,,,
447,branch,tree,,,,,
448,tree,branches,leaves,,,,
449,grass,,,,,,
450,,,,,,,
451,grass,,,,,,
452,grass,water,,,,,
453,forest,grass,,,,,
454,forest,grass,leaves,,,,
455,forest,grass,leaves,,,,
456,forest,grass,leaves,,,,
457,forest,leaves,trees,tree,,,
458,forest,leaves,,,,,
459,grass,,,,,,
460,forest,grass,leaves,,,,
461,grass,,,,,,
462,grass,,,,,,
463,grass,,,,,,
464,grass,trees,,,,,
465,grass,trees,,,,,
466,grass,rock,,,,,
467,grass,rock,,,,,
468,hills,grass,rocks,trees,,,
469,hills,grass,rocks,trees,,,
470,snakeskin,grass,,,,,
471,snakeskin,grass,,,,,
472,snakeskin,grass,,,,,
473,snakeskin,grass,,,,,
474,snakeskin,grass,,,,,
475,snakeskin,grass,,,,,
476,snakeskin,grass,,,,,
477,snakeskin,grass,,,,,
478,snakeskin,grass,,,,,
479,snakeskin,grass,,,,,
480,snakeskin,grass,,,,,
481,snakeskin,,,,,,
482,snakeskin,,,,,,
483,snakeskin,grass,,,,,
484,snakeskin,grass,,,,,
485,snakeskin,grass,,,,,
486,prairie,tree,grass,,,,
487,prairie,grass,trees,,,,
488,prairie,grass,trees,,,,
489,grass,,,,,,
490,grass,,,,,,
491,grass,prairie,,,,,
492,grass,,,,,,
493,stick,leaves,,,,,
494,stick,leaves,,,,,
495,prairie,grass,dirt,,,,
496,,,,,,,
497,grass,prairie,,,,,
498,stick,,,,,,
499,,,,,,,
500,dirt,mound,,,,,
501,dirt,mound,,,,,
502,dirt,mound,grass,sticks,,,
503,dirt,mound,grass,sticks,,,
504,dirt,mound,grass,sticks,,,
505,dirt,mound,grass,sticks,,,
506,stick,,,,,,
507,dirt,mound,,,,,
508,stick,dirt,,,,,
509,dirt,mound,,,,,
510,dirt,mound,,,,,
511,,,,,,,
512,stick,,,,,,
513,stick,,,,,,
514,grass,,,,,,
515,grass,,,,,,
516,,,,,,,
517,dirt,,,,,,
518,sticks,rocks,,,,,
519,sticks,rocks,,,,,
520,dirt,grass,,,,,
521,dirt,grass,,,,,
522,sticks,rocks,,,,,
523,grass,dirt,,,,,
524,grass,dirt,,,,,
525,prairie,,,,,,
526,prairie,,,,,,
527,,,,,,,
528,,,,,,,
529,prairie,,,,,,
530,prairie,,,,,,
531,prairie,,,,,,
532,prairie,,,,,,
533,ocean,water,seaweed,waves,,,
534,ocean,water,seaweed,waves,,,
535,ocean,water,rocks,waves,,,
536,ocean,water,seaweed,waves,,,
537,ocean,water,seaweed,waves,,,
538,ocean,water,seaweed,waves,,,
539,ocean,water,rocks,waves,grass,wind,
540,ocean,water,rocks,waves,grass,wind,
541,ocean,water,waves,,,,
542,ocean,water,waves,,,,
543,ocean,water,waves,,,,
544,ocean,water,rocks,waves,,,
545,ocean,water,rocks,waves,,,
546,ocean,water,rocks,waves,,,
547,ocean,water,rocks,waves,,,
548,ocean,water,rocks,waves,,,
549,rock,wind,,,,,
550,shore,wind,wind,beach,ocean,water,sand
551,shore,wind,wind,beach,ocean,water,sand
552,rock,wave,ocean,water,,,
553,ocean,water,rock,waves,,,
554,ocean,water,rock,waves,,,
555,rocks,waves,seaweed,ocean,water,,
556,rocks,waves,seaweed,ocean,water,,
557,waves,water,ocean,seaweed,,,
558,waves,water,ocean,seaweed,,,
559,waves,water,ocean,seaweed,,,
560,water,ocean,rocks,waves,,,
561,rock,water,seaweed,ocean,waves,,
562,water,ocean,rocks,waves,seaweed,,
563,ocean,water,shore,waves,,,
564,ocean,water,shore,waves,,,
565,ocean,water,,,,,
566,rocks,ocean,water,,,,
567,rocks,ocean,water,,,,
568,rocks,ocean,water,,,,
569,rocks,ocean,water,,,,
570,ocean,water,,,,,
571,ocean,water,,,,,
572,ocean,water,,,,,
573,ocean,water,,,,,
574,ocean,water,,,,,
575,ocean,water,,,,,
576,ocean,water,,,,,
577,ocean,water,,,,,
578,ocean,water,,,,,
579,ocean,water,,,,,
580,ocean,water,,,,,
581,ocean,water,,,,,
582,ocean,water,,,,,
583,ocean,water,,,,,
584,ocean,water,,,,,
585,ocean,water,seaweed,rocks,,,
586,ocean,water,seaweed,rocks,,,
587,ocean,water,seaweed,rocks,,,
588,ocean,water,seaweed,rocks,,,
589,ocean,water,seaweed,rocks,,,
590,ocean,water,seaweed,rocks,,,
591,water,ocean,rocks,,,,
592,water,ocean,rocks,,,,
593,water,ocean,rocks,,,,
594,ocean,water,,,,,
595,ocean,water,,,,,
596,ocean,water,,,,,
597,ocean,water,,,,,
598,ocean,water,,,,,
599,ocean,water,seaweed,,,,
600,ocean,water,seaweed,,,,
601,ocean,water,seaweed,,,,
602,ocean,water,seaweed,,,,
603,ocean,water,seaweed,,,,
604,ocean,water,seaweed,,,,
605,ocean,water,seaweed,,,,
606,ocean,water,seaweed,rocks,,,
607,ocean,water,seaweed,rocks,,,
608,ocean,water,seaweed,rocks,,,
609,ocean,water,seaweed,rocks,,,
610,ocean,water,seaweed,,,,
611,ocean,water,seaweed,,,,
612,ocean,water,seaweed,,,,
613,ocean,water,seaweed,,,,
614,ocean,water,seaweed,rocks,,,
615,ocean,water,seaweed,rocks,,,
616,ocean,water,seaweed,rocks,,,
617,ocean,water,seaweed,rocks,,,
618,ocean,water,seaweed,rocks,,,
619,ocean,water,seaweed,rocks,,,
620,ocean,water,seaweed,rocks,,,
621,ocean,water,,,,,
622,ocean,water,,,,,
623,ocean,water,,,,,
624,ocean,water,,,,,
625,ocean,water,,,,,
626,ocean,water,,,,,
627,ocean,water,,,,,
628,ocean,water,,,,,
629,ocean,water,,,,,
630,ocean,water,seaweed,,,,
631,ocean,water,seaweed,,,,
632,ocean,water,seaweed,,,,
633,ocean,water,seaweed,,,,
634,water,ocean,seaweed,,,,
635,water,ocean,seaweed,,,,
636,water,ocean,seaweed,,,,
637,water,ocean,seaweed,,,,
638,water,ocean,seaweed,,,,
639,water,ocean,rocks,,,,
640,water,ocean,rocks,,,,
641,ocean,water,,,,,
642,ocean,water,,,,,
643,ocean,water,,,,,
644,ocean,water,,,,,
645,water,ocean,seaweed,,,,
646,water,ocean,seaweed,,,,
647,water,ocean,seaweed,,,,
648,water,ocean,seaweed,,,,
649,water,ocean,seaweed,,,,
650,ocean,water,,,,,
651,water,ocean,seaweed,,,,
652,water,ocean,seaweed,,,,
653,ocean,water,,,,,
654,ocean,water,,,,,
655,ocean,water,seaweed,,,,
656,ocean,water,seaweed,,,,
657,ocean,water,seaweed,,,,
658,water,ocean,seaweed,,,,
659,water,ocean,seaweed,,,,
660,ocean,water,,,,,
661,ocean,water,,,,,
662,ocean,water,seaweed,,,,
663,ocean,water,seaweed,rocks,,,
664,ocean,water,seaweed,rocks,,,
665,ocean,water,,,,,
666,ocean,water,seaweed,rocks,,,
667,ocean,water,seaweed,rocks,,,
668,ocean,water,waves,,,,
669,ocean,water,seaweed,rocks,,,
670,ocean,water,seaweed,rocks,,,
671,ocean,water,,,,,
672,ocean,water,,,,,
673,ocean,water,,,,,
674,ocean,water,,,,,
675,ocean,water,,,,,
676,ocean,water,rocks,,,,
677,ocean,water,rocks,,,,
678,ocean,water,rocks,,,,
679,ocean,water,,,,,
680,ocean,water,,,,,
681,ocean,water,,,,,
682,ocean,water,,,,,
683,ocean,water,seaweed,rocks,,,
684,ocean,water,seaweed,,,,
685,ocean,water,seaweed,,,,
686,ocean,water,seaweed,,,,
687,ocean,water,,,,,
688,ocean,water,,,,,
689,ocean,water,,,,,
690,ocean,water,,,,,
691,ocean,water,,,,,
692,ocean,water,,,,,
693,ocean,water,,,,,
694,ocean,water,,,,,
695,ocean,water,,,,,
696,ocean,water,,,,,
697,ocean,water,,,,,
698,ocean,water,,,,,
699,ocean,water,,,,,
700,ocean,water,seaweed,rocks,,,
701,ocean,water,seaweed,rocks,,,
702,ocean,water,seaweed,rocks,,,
703,ocean,water,,,,,
704,ocean,water,,,,,
705,ocean,water,,,,,
706,ocean,water,seaweed,rocks,,,
707,ocean,water,seaweed,rocks,,,
708,ocean,water,seaweed,rocks,,,
709,ocean,water,seaweed,rocks,,,
710,,,,,,,
711,clouds,ocean,,,,,
712,clouds,ocean,,,,,
713,clouds,ocean,,,,,
714,ocean,underwater,,,,,
715,ocean,underwater,,,,,
716,ocean,underwater,,,,,
717,ocean,underwater,,,,,
718,ocean,underwater,,,,,
719,ocean,underwater,,,,,
720,ocean,underwater,,,,,
721,ocean,underwater,,,,,
722,ocean,underwater,,,,,
723,ocean,underwater,,,,,
724,ocean,underwater,,,,,
725,ocean,underwater,,,,,
726,ocean,underwater,,,,,
727,ocean,,,,,,
728,ocean,,,,,,
729,ocean,,,,,,
730,ocean,,,,,,
731,ocean,,,,,,
732,ocean,,,,,,
733,ocean,,,,,,
734,ocean,,,,,,
735,ocean,,,,,,
736,ocean,,,,,,
737,ocean,,,,,,
738,ocean,underwater,,,,,
739,ocean,underwater,,,,,
740,ocean,,,,,,
741,ocean,,,,,,
742,ocean,,,,,,
743,ocean,,,,,,
744,ocean,,,,,,
745,ocean,,,,,,
746,ocean,,,,,,
747,ocean,,,,,,
748,ocean,,,,,,
749,ocean,,,,,,
750,ocean,,,,,,
751,ocean,,,,,,
752,ocean,,,,,,
753,sun,sunrise,shrubbery,,,,
754,sun,sunrise,shrubbery,,,,
755,sunrise,shrubbery,mountain,rock,trees,,
756,sunrise,shrubbery,mountain,rock,trees,,
757,sunrise,mountain,rock,trees,,,
758,sunrise,cliff,rock,trees,landscape,,
759,sunrise,cliff,rock,trees,landscape,,
760,sunrise,cliff,rock,trees,landscape,,
761,rock,flat,,,,,
762,rock,flat,trees,landscape,,,
763,rock,flat,trees,landscape,,,
764,rock,trees,landscape,,,,
765,rock,trees,landscape,,,,
766,forest,rock,plants,trees,,,
767,forest,rock,plants,trees,,,
768,forest,rock,plants,trees,,,
769,forest,rock,plants,trees,,,
770,forest,rock,plants,trees,,,
771,rock,cliff,,,,,
772,rock,cliff,,,,,
773,rock,cliff,,,,,
774,rock,cliff,,,,,
775,rock,cliff,,,,,
776,rock,cliff,,,,,
777,rock,cliff,,,,,
778,rock,cliff,tree,shrubbery,plants,,
779,rock,cliff,tree,shrubbery,plants,,
780,rock,cliff,tree,shrubbery,plants,,
781,plant,nuts,,,,,
782,plant,nuts,,,,,
783,plant,nuts,,,,,
784,plant,nuts,,,,,
785,plant,nuts,,,,,
786,plant,nuts,,,,,
787,plant,nuts,,,,,
788,plant,nuts,,,,,
789,plant,nuts,,,,,
790,plant,nuts,,,,,
791,plant,nuts,,,,,
792,plant,nuts,,,,,
793,shadow,,,,,,
794,nut,,,,,,
795,nut,,,,,,
796,nut,,,,,,
797,nut,peelings,leaves,plant,,,
798,nut,peelings,leaves,plant,,,
799,nut,,,,,,
800,nut,peelings,leaves,plant,,,
801,nut,dirt,peelings,,,,
802,nut,dirt,peelings,,,,
803,nut,,,,,,
804,nut,,,,,,
805,nut,,,,,,
806,nut,rock,shrubbery,,,,
807,nut,rock,shrubbery,,,,
808,nut,rock,shrubbery,,,,
809,rock,leaves,,,,,
810,rock,leaves,,,,,
811,rock,leaves,,,,,
812,nut,,,,,,
813,nut,rock,,,,,
814,nut,rock,,,,,
815,nut,rock,,,,,
816,stone,rock,,,,,
817,stone,rock,nut,,,,
818,stone,rock,,,,,
819,stone,rock,,,,,
820,stone,rock,nut,,,,
821,stone,rock,nut,,,,
822,stone,rock,nut,,,,
823,stone,rock,nut,,,,
824,stone,rock,nut,,,,
825,stone,rock,nut,,,,
826,stone,rock,nut,,,,
827,stone,rock,nut,,,,
828,stone,rock,nut,,,,
829,stone,rock,nut,,,,
830,stone,rock,nut,,,,
831,stone,rock,nut,,,,
832,stone,rock,nut,,,,
833,rock,nut,dirt,,,,
834,nut,,,,,,
835,nut,,,,,,
836,nut,,,,,,
837,nut,,,,,,
838,nut,,,,,,
839,rock,shrubbery,nut,,,,
840,rock,nut,,,,,
841,rock,nut,,,,,
842,rock,nut,,,,,
843,rock,nut,,,,,
844,rock,nut,,,,,
845,rock,nut,,,,,
846,rock,nuts,,,,,
847,rock,nut,,,,,
848,rock,nut,,,,,
849,rock,nut,,,,,
850,rock,nut,,,,,
851,nut,rock,,,,,
852,rock,nut,,,,,
853,rock,nut,,,,,
854,rock,nut,,,,,
855,rock,nut,,,,,
856,rock,nut,,,,,
857,nut,,,,,,
858,nut,rock,,,,,
859,nut,rock,,,,,
860,nut,rock,,,,,
861,nut,rock,,,,,
862,nut,rock,,,,,
863,nut,,,,,,
864,nut,,,,,,
865,,,,,,,
866,,,,,,,
867,,,,,,,
868,,,,,,,
869,,,,,,,
870,droplets,,,,,,
871,droplets,,,,,,
872,droplets,,,,,,
873,,,,,,,
874,,,,,,,
875,,,,,,,
876,,,,,,,
877,,,,,,,
878,,,,,,,
879,,,,,,,
880,,,,,,,
881,,,,,,,
882,,,,,,,
883,,,,,,,
884,,,,,,,
885,,,,,,,
886,,,,,,,
887,,,,,,,
888,,,,,,,
889,,,,,,,
890,,,,,,,
891,,,,,,,
892,,,,,,,
893,,,,,,,
894,,,,,,,
895,,,,,,,
896,,,,,,,
897,,,,,,,
898,,,,,,,
899,,,,,,,
900,,,,,,,
901,,,,,,,
902,,,,,,,
903,,,,,,,
904,,,,,,,
905,trees,forest,,,,,
906,trees,forest,,,,,
907,trees,forest,,,,,
908,trees,forest,,,,,
909,trees,forest,,,,,
910,forest,trees,plants,leaves,,,
911,forest,trees,plants,leaves,,,
912,forest,trees,plants,leaves,,,
913,forest,trees,plants,leaves,,,
914,forest,trees,plants,leaves,,,
915,forest,trees,plants,leaves,,,
916,,,,,,,
917,,,,,,,
918,,,,,,,
919,,,,,,,
920,,,,,,,
921,,,,,,,
922,,,,,,,
923,,,,,,,
924,,,,,,,
925,,,,,,,
926,,,,,,,
927,,,,,,,
928,,,,,,,
929,,,,,,,
930,,,,,,,
931,,,,,,,
932,,,,,,,
933,,,,,,,
934,tree,bark,,,,,
935,tree,bark,,,,,
936,branch,plant,,,,,
937,branch,plant,,,,,
938,leaf,plant,,,,,
939,leaf,plant,,,,,
940,leaf,plant,,,,,
941,leaf,plant,,,,,
942,leaf,plant,,,,,
943,leaf,plant,,,,,
944,leaf,plant,,,,,
945,leaf,plant,,,,,
946,leaf,plant,,,,,
947,leaf,plant,,,,,
948,leaf,plant,,,,,
949,leaf,plant,,,,,
950,leaf,plant,,,,,
951,leaf,plant,,,,,
952,leaf,plant,,,,,
953,leaf,plant,,,,,
954,leaf,plant,,,,,
955,leaf,plant,,,,,
956,leaf,plant,,,,,
957,leaf,plant,,,,,
958,leaf,plant,,,,,
959,leaf,plant,,,,,
960,leaf,plant,,,,,
961,leaf,plant,,,,,
962,leaf,plant,,,,,
963,leaf,plant,,,,,
964,leaf,plant,,,,,
965,leaf,plant,,,,,
966,leaf,plant,,,,,
967,leaf,plant,,,,,
968,leaf,plant,,,,,
969,leaf,plant,,,,,
970,branch,tree,,,,,
971,branch,tree,,,,,
972,branch,tree,,,,,
973,branch,tree,,,,,
974,branch,tree,,,,,
975,branch,tree,,,,,
976,branch,tree,,,,,
977,branch,tree,,,,,
978,branch,tree,,,,,
979,branch,tree,,,,,
980,branch,tree,,,,,
981,branch,tree,,,,,
982,branch,tree,,,,,
983,branch,tree,,,,,
984,branch,tree,,,,,
985,branch,tree,,,,,
986,branch,tree,,,,,
987,branch,tree,,,,,
988,branch,tree,,,,,
989,branch,tree,,,,,
990,branch,tree,,,,,
991,branch,tree,,,,,
992,branch,tree,,,,,
993,branch,tree,,,,,
994,sky,sun,,,,,
995,tree,tree,lakebed,,,,
996,tree,tree,lakebed,,,,
997,tree,tree,lakebed,,,,
998,tree,tree,lakebed,,,,
999,tree,tree,lakebed,,,,
1000,tree,tree,lakebed,,,,
1001,lagoon,trees,,,,,
1002,lagoon,trees,,,,,
1003,mud,carcass,water,,,,
1004,mud,carcass,water,,,,
1005,mud,lagoon,,,,,
1006,mud,lagoon,,,,,
1007,mud,lagoon,,,,,
1008,mud,lagoon,,,,,
1009,mud,lagoon,,,,,
1010,mud,muddy,lagoon,,,,
1011,mud,muddy,lagoon,,,,
1012,mud,muddy,lagoon,,,,
1013,mud,muddy,lagoon,,,,
1014,mud,lagoon,tree,,,,
1015,mud,lagoon,tree,,,,
1016,mud,lagoon,tree,,,,
1017,plains,river,landscape,,,,
1018,plains,river,landscape,,,,
1019,plains,river,landscape,,,,
1020,plains,river,landscape,,,,
1021,plains,river,landscape,,,,
1022,plains,river,landscape,,,,
1023,plains,river,landscape,,,,
1024,plains,river,water,,,,
1025,plains,river,water,,,,
1026,plains,river,water,,,,
1027,river,water,,,,,
1028,river,water,,,,,
1029,river,water,,,,,
1030,river,water,,,,,
1031,river,water,,,,,
1032,field,,,,,,
1033,field,,,,,,
1034,river,water,,,,,
1035,river,water,,,,,
1036,river,water,,,,,
1037,river,water,,,,,
1038,river,water,shore,,,,
1039,river,water,shore,,,,
1040,river,water,shore,,,,
1041,river,water,,,,,
1042,river,water,,,,,
1043,river,water,,,,,
1044,river,water,,,,,
1045,river,water,,,,,
1046,river,water,,,,,
1047,river,water,,,,,
1048,river,water,,,,,
1049,river,water,,,,,
1050,river,water,,,,,
1051,river,water,,,,,
1052,river,water,,,,,
1053,river,water,,,,,
1054,river,water,,,,,
1055,river,water,,,,,
1056,river,water,,,,,
1057,river,water,,,,,
1058,river,water,,,,,
1059,river,water,,,,,
1060,river,water,,,,,
1061,river,water,,,,,
1062,,,,,,,
1063,,,,,,,
1064,river,water,shore,,,,
1065,river,water,shore,,,,
1066,river,water,shore,,,,
1067,river,water,shore,,,,
1068,river,water,shore,,,,
1069,river,water,,,,,
1070,river,water,,,,,
1071,river,water,,,,,
1072,river,water,,,,,
1073,river,water,,,,,
1074,river,barren,land,plains,,,
1075,river,barren,land,plains,,,
1076,river,barren,land,plains,,,
1077,river,barren,land,plains,,,
1078,river,barren,land,plains,,,
1079,river,barren,land,plains,,,
1080,river,barren,land,plains,,,
1081,river,barren,land,plains,,,
1082,fog,lake,reeds,,,,
1083,fog,lake,reeds,,,,
1084,fog,lake,,,,,
1085,fog,lake,,,,,
1086,lake,,,,,,
1087,lake,,,,,,
1088,lake,,,,,,
1089,lake,water,,,,,
1090,lake,water,,,,,
1091,lake,,,,,,
1092,lake,,,,,,
1093,lake,,,,,,
1094,lake,,,,,,
1095,lake,,,,,,
1096,lake,water,,,,,
1097,lake,water,,,,,
1098,lake,water,,,,,
1099,lake,water,,,,,
1100,lake,,,,,,
1101,lake,,,,,,
1102,lake,,,,,,
1103,lake,,,,,,
1104,lake,,,,,,
1105,lake,,,,,,
1106,lake,,,,,,
1107,lake,,,,,,
1108,lake,,,,,,
1109,lake,water,,,,,
1110,lake,,,,,,
1111,lake,,,,,,
1112,lake,,,,,,
1113,lake,water,,,,,
1114,lake,water,,,,,
1115,lake,water,,,,,
1116,lake,water,,,,,
1117,lake,water,,,,,
1118,lake,water,,,,,
1119,lake,water,,,,,
1120,lake,water,,,,,
1121,lake,water,,,,,
1122,lake,water,,,,,
1123,lake,water,,,,,
1124,lake,water,,,,,
1125,lake,water,,,,,
1126,lake,water,,,,,
1127,lake,water,,,,,
1128,lake,water,,,,,
1129,lake,water,,,,,
1130,lake,water,,,,,
1131,lake,water,,,,,
1132,lake,water,,,,,
1133,ocean,underwater,seaweed,water,,,
1134,ocean,underwater,seaweed,water,,,
1135,ocean,underwater,seaweed,water,,,
1136,ocean,underwater,seaweed,water,,,
1137,ocean,underwater,seaweed,water,,,
1138,ocean,underwater,seaweed,water,,,
1139,ocean,underwater,seaweed,water,,,
1140,underwater,ocean,,,,,
1141,underwater,ocean,,,,,
1142,seaweed,underwater,ocean,water,,,
1143,underwater,ocean,seafloor,,,,
1144,underwater,ocean,rock,seafloor,,,
1145,underwater,ocean,rock,seafloor,,,
1146,underwater,ocean,seafloor,rocks,,,
1147,underwater,ocean,seafloor,rocks,,,
1148,underwater,ocean,seafloor,rocks,,,
1149,underwater,ocean,seafloor,rocks,,,
1150,underwater,ocean,rock,seafloor,,,
1151,underwater,ocean,seafloor,rocks,,,
1152,underwater,ocean,seafloor,rocks,,,
1153,underwater,ocean,seafloor,rocks,,,
1154,underwater,ocean,seafloor,rocks,,,
1155,underwater,ocean,seafloor,rocks,,,
1156,underwater,ocean,seafloor,rocks,,,
1157,underwater,ocean,water,,,,
1158,underwater,ocean,water,,,,
1159,ocean,underwater,seafloor,den,rock,,
1160,ocean,underwater,seafloor,den,rock,,
1161,ocean,underwater,seafloor,den,rock,,
1162,ocean,underwater,seafloor,den,rock,,
1163,ocean,underwater,seafloor,den,rock,,
1164,ocean,underwater,seafloor,den,rock,,
1165,ocean,underwater,seafloor,den,rock,,
1166,ocean,underwater,seafloor,den,rock,,
1167,ocean,underwater,seafloor,den,rock,,
1168,ocean,underwater,seafloor,den,rock,,
1169,ocean,underwater,seafloor,den,rock,,
1170,ocean,underwater,seafloor,den,rock,,
1171,ocean,underwater,seafloor,den,rock,,
1172,ocean,underwater,seafloor,den,rock,,
1173,ocean,underwater,seafloor,den,rock,,
1174,ocean,underwater,seafloor,den,rock,,
1175,ocean,underwater,seafloor,den,rock,,
1176,ocean,underwater,seafloor,den,rock,,
1177,ocean,underwater,seafloor,den,rock,,
1178,underwater,ocean,,,,,
1179,underwater,ocean,,,,,
1180,ocean,underwater,seafloor,den,rock,,
1181,underwater,ocean,,,,,
1182,underwater,ocean,,,,,
1183,underwater,ocean,,,,,
1184,underwater,ocean,,,,,
1185,underwater,ocean,,,,,
1186,underwater,ocean,,,,,
1187,underwater,ocean,,,,,
1188,underwater,ocean,,,,,
1189,underwater,ocean,,,,,
1190,underwater,ocean,,,,,
1191,underwater,ocean,,,,,
1192,underwater,ocean,,,,,
1193,underwater,ocean,,,,,
1194,underwater,ocean,,,,,
1195,ocean,underwater,seafloor,den,rock,,
1196,ocean,underwater,seafloor,den,rock,,
1197,ocean,underwater,seafloor,den,rock,,
1198,underwater,ocean,seaweed,,,,
1199,underwater,ocean,seaweed,,,,
1200,underwater,ocean,seaweed,,,,
1201,trees,forest,mountains,mist,,,
1202,trees,forest,mountains,mist,,,
1203,trees,forest,,,,,
1204,trees,forest,,,,,
1205,trees,forest,,,,,
1206,trees,forest,,,,,
1207,leaves,sticks,,,,,
1208,leaves,sticks,,,,,
1209,leaves,sticks,,,,,
1210,leaves,sticks,,,,,
1211,leaves,,,,,,
1212,leaves,,,,,,
1213,,,,,,,
1214,,,,,,,
1215,,,,,,,
1216,,,,,,,
1217,water,,,,,,
1218,water,,,,,,
1219,water,,,,,,
1220,water,,,,,,
1221,,,,,,,
1222,sun,forest,trees,leaves,,,
1223,sun,forest,trees,leaves,,,
1224,sun,forest,trees,leaves,,,
1225,,,,,,,
1226,,,,,,,
1227,leaf,sticks,,,,,
1228,leaf,sticks,,,,,
1229,,,,,,,
1230,tree,leaves,,,,,
1231,tree,leaves,,,,,
1232,,,,,,,
1233,,,,,,,
1234,moss,rock,,,,,
1235,moss,rock,,,,,
1236,moss,branch,tree,,,,
1237,moss,branch,tree,,,,
1238,,,,,,,
1239,forest,trees,leaves,river,water,,
1240,forest,trees,leaves,river,water,,
1241,forest,trees,leaves,river,water,,
1242,forest,trees,leaves,river,water,,
1243,ferns,plants,trees,forest,,,
1244,ferns,plants,trees,forest,,,
1245,,,,,,,
1246,tree,leaves,trees,,,,
1247,tree,leaves,trees,,,,
1248,tree,leaves,trees,,,,
1249,leaf,shadow,,,,,
1250,plant,leaves,water,puddle,,,
1251,plant,leaves,water,puddle,,,
1252,plant,leaves,water,puddle,,,
1253,plant,leaves,water,puddle,,,
1254,plant,leaf,,,,,
1255,plant,leaf,water,puddle,drop,,
1256,plant,leaves,water,,,,
1257,water,plant,leaf,,,,
1258,plant,leaf,,,,,
1259,water,plant,leaf,,,,
1260,tree,tree,leaves,,,,
1261,tree,tree,leaves,,,,
1262,water,,,,,,
1263,leaves,,,,,,
1264,leaf,,,,,,
1265,leaf,,,,,,
1266,,,,,,,
1267,leaf,stick,,,,,
1268,leaf,,,,,,
1269,leaf,,,,,,
1270,tree,tree,leaves,,,,
1271,leaf,,,,,,
1272,leaf,,,,,,
1273,leaf,,,,,,
1274,leaf,,,,,,
1275,water,plant,leaf,,,,
1276,water,plant,leaf,,,,
1277,leaf,,,,,,
1278,leaf,,,,,,
1279,leaf,,,,,,
1280,leaf,water,,,,,
1281,leaf,water,,,,,
1282,leaf,water,,,,,
1283,leaf,water,,,,,
1284,leaf,,,,,,
1285,plant,leaf,,,,,
1286,water,plant,leaves,,,,
1287,water,plant,leaves,,,,
1288,water,plant,leaves,,,,
1289,leaf,,,,,,
1290,water,plant,leaves,,,,
1291,water,plant,leaves,,,,
1292,plant,leaf,,,,,
1293,plant,leaf,,,,,
1294,plant,leaf,,,,,
1295,plant,leaves,,,,,
1296,plant,water,leaves,drop,,,
1297,water,plant,leaves,,,,
1298,water,plant,leaves,,,,
1299,water,plant,leaves,,,,
1300,plant,leaves,,,,,
1301,water,plant,leaves,,,,
1302,water,plant,leaves,,,,
1303,water,plant,leaf,,,,
1304,water,plant,leaf,,,,
1305,water,plant,leaf,,,,
1306,leaf,plant,,,,,
1307,plant,leaf,water,,,,
1308,plant,leaf,water,,,,
1309,leaf,,,,,,
1310,leaf,,,,,,
1311,ocean,water,cliff,land,,,
1312,ocean,water,cliff,land,,,
1313,ocean,water,cliff,land,,,
1314,ocean,water,cliff,land,,,
1315,ocean,water,cliff,land,,,
1316,ocean,water,cliff,land,,,
1317,,,,,,,
1318,land,rock,,,,,
1319,land,rock,,,,,
1320,,,,,,,
1321,,,,,,,
1322,land,rock,,,,,
1323,land,rock,,,,,
1324,land,rock,water,cliff,,,
1325,land,rock,water,cliff,,,
1326,land,rock,,,,,
1327,land,rock,,,,,
1328,land,rock,,,,,
1329,land,rock,,,,,
1330,land,rock,,,,,
1331,land,rock,,,,,
1332,land,rock,,,,,
1333,land,rock,,,,,
1334,land,rock,,,,,
1335,land,rock,,,,,
1336,sun,clouds,land,rock,,,
1337,sun,clouds,land,rock,,,
1338,sun,clouds,land,rock,,,
1339,sun,clouds,land,rock,,,
1340,rock,shore,ice,water,ocean,,
1341,rock,shore,ice,water,ocean,,
1342,land,rock,,,,,
1343,land,rock,,,,,
1344,land,rock,,,,,
1345,land,rock,,,,,
1346,land,rock,,,,,
1347,rock,shore,water,ocean,,,
1348,water,ocean,rocks,land,,,
1349,water,ocean,rocks,land,,,
1350,water,ocean,rocks,land,,,
1351,water,ocean,rocks,land,,,
1352,rock,land,water,ocean,,,
1353,rock,land,water,ocean,,,
1354,rock,land,ocean,water,,,
1355,rock,land,ocean,water,,,
1356,rock,ocean,water,,,,
1357,rock,wave,ocean,water,,,
1358,rock,wave,ocean,water,,,
1359,rock,ocean,water,,,,
1360,rock,ocean,water,,,,
1361,rock,ocean,water,,,,
1362,ocean,water,ice,rock,,,
1363,ocean,water,ice,rock,,,
1364,ocean,water,land,rock,,,
1365,ocean,water,land,rock,,,
1366,ocean,water,land,rock,,,
1367,ocean,water,waves,ice,shore,rocks,
1368,ocean,water,waves,ice,shore,rocks,
1369,ocean,water,waves,ice,shore,rocks,
1370,rock,,,,,,
1371,ice,ocean,water,,,,
1372,ice,ocean,water,,,,
1373,ocean,water,ice,rocks,,,
1374,ocean,water,ice,rocks,,,
1375,ocean,water,ice,rocks,,,
1376,ice,ocean,water,,,,
1377,ice,ocean,water,,,,
1378,ice,ocean,water,,,,
1379,ice,ocean,water,,,,
1380,ice,ocean,water,,,,
1381,rock,,,,,,
1382,ice,ocean,water,,,,
1383,ice,ocean,water,,,,
1384,ice,ocean,water,,,,
1385,ice,ocean,water,,,,
1386,ice,ocean,water,,,,
1387,ice,ocean,water,,,,
1388,ice,ocean,water,,,,
1389,ice,ocean,water,,,,
1390,ice,ocean,water,,,,
1391,ice,ocean,water,,,,
1392,ice,ocean,water,,,,
1393,ice,ocean,water,,,,
1394,rock,,,,,,
1395,rock,,,,,,
1396,ice,ocean,water,,,,
1397,ocean,ice,water,,,,
1398,ocean,ice,water,,,,
1399,ocean,ice,water,,,,
1400,ocean,ice,water,,,,
1401,ocean,ice,water,,,,
1402,ocean,ice,water,,,,
1403,ocean,ice,water,glacier,,,
1404,ocean,ice,water,glacier,,,
1405,rock,,,,,,
1406,ocean,ice,water,,,,
1407,ocean,ice,water,,,,
1408,ocean,ice,water,,,,
1409,ocean,ice,water,,,,
1410,ocean,ice,water,,,,
1411,ocean,ice,water,,,,
1412,ocean,ice,water,,,,
1413,rock,land,ocean,water,ice,,
1414,rock,land,ocean,water,ice,,
1415,ocean,ice,water,,,,
1416,ocean,ice,water,,,,
1417,ocean,ice,water,underwater,,,
1418,ocean,ice,water,underwater,,,
1419,ocean,ice,water,,,,
1420,ocean,ice,water,,,,
1421,underwater,seaweed,,,,,
1422,underwater,seaweed,,,,,
1423,underwater,seaweed,,,,,
1424,underwater,seaweed,,,,,
1425,underwater,seaweed,,,,,
1426,underwater,seaweed,,,,,
1427,ice,ocean,water,,,,
1428,ice,ocean,water,,,,
1429,ocean,water,,,,,
1430,ocean,water,,,,,
1431,ice,ocean,water,,,,
1432,ice,ocean,water,,,,
1433,ice,ocean,water,,,,
1434,ice,ocean,water,underwater,,,
1435,ice,ocean,water,underwater,,,
1436,glacier,ice,water,sky,ocean,iceberg,
1437,glacier,ice,water,sky,ocean,iceberg,
1438,glacier,ice,water,sky,ocean,iceberg,
1439,glacier,ice,water,sky,ocean,iceberg,
1440,glacier,ice,water,sky,ocean,iceberg,
1441,ocean,water,,,,,
1442,ocean,water,,,,,
1443,ocean,water,,,,,
1444,ocean,water,,,,,
1445,ocean,water,,,,,
1446,ocean,water,,,,,
1447,ocean,water,,,,,
1448,ocean,water,,,,,
1449,ocean,water,,,,,
1450,leaves,forest,rainforest,,,,
1451,leaves,forest,rainforest,,,,
1452,branches,leaves,trees,rainforest,,,
1453,branches,leaves,trees,rainforest,,,
1454,branches,leaves,trees,rainforest,,,
1455,branches,leaves,trees,rainforest,,,
1456,branches,leaves,trees,rainforest,,,
1457,branches,leaves,trees,rainforest,,,
1458,branches,leaves,trees,rainforest,,,
1459,branches,leaves,trees,rainforest,,,
1460,branches,leaves,trees,rainforest,,,
1461,branches,leaves,trees,rainforest,,,
1462,branches,leaves,trees,rainforest,,,
1463,branches,leaves,trees,rainforest,,,
1464,branches,leaves,trees,rainforest,,,
1465,branches,leaves,trees,rainforest,,,
1466,branches,leaves,trees,rainforest,,,
1467,branches,leaves,trees,rainforest,,,
1468,branches,leaves,trees,rainforest,,,
1469,branches,leaves,trees,rainforest,,,
1470,branches,leaves,trees,rainforest,,,
1471,branches,leaves,trees,rainforest,,,
1472,branches,leaves,trees,rainforest,,,
1473,branches,leaves,trees,rainforest,,,
1474,branch,tree,nuts,,,,
1475,branch,tree,nuts,,,,
1476,branches,leaves,trees,rainforest,nuts,,
1477,branches,leaves,trees,rainforest,nuts,,
1478,branches,leaves,trees,rainforest,nuts,,
1479,branches,leaves,,,,,
1480,branches,leaves,,,,,
1481,branches,leaves,,,,,
1482,branches,leaves,,,,,
1483,branches,leaves,,,,,
1484,branches,leaves,,,,,
1485,branches,leaves,,,,,
1486,branches,leaves,,,,,
1487,branches,leaves,,,,,
